Anio,Nommodalidad,Sembrada,Cosechada,Siniestrada,Volumenproduccion,Valorproduccion,Rendimiento,Precio,Mes,share_mes,Frecuencia,TipoDato,Fecha
1996,Riego,982.0,555.0,0.0,360.67372375164825,597636.3602564811,0.6498625653182851,1656.9999999999998,1,0.05906873955971966,Mensual,Estimado,1996-01-01
1996,Temporal,58.0,58.0,0.0,25.340489271119736,41989.1907222454,0.4369049874330989,1657.0,1,0.05906873955971966,Mensual,Estimado,1996-01-01
1996,Riego,982.0,555.0,0.0,447.6357681840293,741732.4678809366,0.8065509336649177,1657.0,2,0.07331080382968053,Mensual,Estimado,1996-02-01
1996,Temporal,58.0,58.0,0.0,31.450334842932946,52113.20483473989,0.5422471524643612,1657.0,2,0.07331080382968053,Mensual,Estimado,1996-02-01
1996,Riego,982.0,555.0,0.0,566.3257786333851,938401.8151955191,1.0204068083484417,1657.0,3,0.09274906299269327,Mensual,Estimado,1996-03-01
1996,Temporal,58.0,58.0,0.0,39.789348023865415,65930.949675545,0.686023241790783,1657.0,3,0.09274906299269327,Mensual,Estimado,1996-03-01
1996,Riego,982.0,555.0,0.0,594.507196428342,985098.4244817627,1.0711841377087243,1657.0,4,0.09736442784610908,Mensual,Estimado,1996-04-01
1996,Temporal,58.0,58.0,0.0,41.76933954598079,69211.79562769017,0.7201610266548413,1657.0,4,0.09736442784610908,Mensual,Estimado,1996-04-01
1996,Riego,982.0,555.0,0.0,712.0684497031903,1179897.4211581862,1.283006215681424,1656.9999999999998,5,0.11661782667919919,Mensual,Estimado,1996-05-01
1996,Temporal,58.0,58.0,0.0,50.02904764537645,82898.13194838878,0.8625697869892491,1657.0,5,0.11661782667919919,Mensual,Estimado,1996-05-01
1996,Riego,982.0,555.0,0.0,471.17939215019373,780744.252792871,0.8489718777480968,1657.0,6,0.07716662170818764,Mensual,Estimado,1996-06-01
1996,Temporal,58.0,58.0,0.0,33.104480712812496,54854.12454113031,0.5707669088415948,1657.0000000000002,6,0.07716662170818764,Mensual,Estimado,1996-06-01
1996,Riego,982.0,555.0,0.0,479.0295402339293,793751.9481676208,0.8631162887097825,1656.9999999999998,7,0.07845226666130516,Mensual,Estimado,1996-07-01
1996,Temporal,58.0,58.0,0.0,33.656022397699914,55768.029112988756,0.5802762482362054,1657.0,7,0.07845226666130516,Mensual,Estimado,1996-07-01
1996,Riego,982.0,555.0,0.0,488.52337701286933,809483.2357103245,0.8802223009240889,1657.0,8,0.08000710399817709,Mensual,Estimado,1996-08-01
1996,Temporal,58.0,58.0,0.0,34.32304761521797,56873.28989841618,0.5917766830209995,1657.0,8,0.08000710399817709,Mensual,Estimado,1996-08-01
1996,Riego,982.0,555.0,0.0,435.63206650950747,721842.3342062539,0.784922642359473,1657.0,9,0.07134491754168154,Mensual,Estimado,1996-09-01
1996,Temporal,58.0,58.0,0.0,30.60696962538138,50715.74866925695,0.5277063728514031,1657.0,9,0.07134491754168154,Mensual,Estimado,1996-09-01
1996,Riego,982.0,555.0,0.0,550.547049187927,912256.4605043951,0.991976665203472,1657.0000000000002,10,0.0901649278067355,Mensual,Estimado,1996-10-01
1996,Temporal,58.0,58.0,0.0,38.68075402908953,64094.00942620135,0.6669095522256815,1657.0000000000002,10,0.0901649278067355,Mensual,Estimado,1996-10-01
1996,Riego,982.0,555.0,0.0,515.2179726685957,853716.1807118631,0.9283206714749472,1657.0,11,0.08437896702728394,Mensual,Estimado,1996-11-01
1996,Temporal,58.0,58.0,0.0,36.19857685470481,59981.04184824587,0.6241133940466347,1657.0,11,0.08437896702728394,Mensual,Estimado,1996-11-01
1996,Riego,982.0,555.0,0.0,484.6596855363826,803081.0989337859,0.8732606946601488,1657.0,12,0.07937433434922742,Mensual,Estimado,1996-12-01
1996,Temporal,58.0,58.0,0.0,34.05158943581856,56423.48369515136,0.5870963695830786,1657.0,12,0.07937433434922742,Mensual,Estimado,1996-12-01
1997,Riego,682.0,554.0,0.0,217.6498703754344,599224.9171228311,0.39286980212172273,2753.1600000000008,1,0.03533850793561202,Mensual,Estimado,1997-01-01
1997,Temporal,61.0,61.0,0.0,20.49633460265497,48647.02536267144,0.3360054852894257,2373.4500000000003,1,0.03533850793561202,Mensual,Estimado,1997-01-01
1997,Riego,682.0,554.0,0.0,194.6806039025558,535986.8514403605,0.35140903231508264,2753.1600000000003,2,0.03160912549156613,Mensual,Estimado,1997-02-01
1997,Temporal,61.0,61.0,0.0,18.333292785108355,43513.153760815425,0.30054578336243204,2373.45,2,0.03160912549156613,Mensual,Estimado,1997-02-01
1997,Riego,682.0,554.0,0.0,238.78806870101977,657421.7592248997,0.4310253947671837,2753.1600000000003,3,0.038770590794125634,Mensual,Estimado,1997-03-01
1997,Temporal,61.0,61.0,0.0,22.486942660592867,53371.63405778414,0.3686384042720142,2373.45,3,0.038770590794125634,Mensual,Estimado,1997-03-01
1997,Riego,682.0,554.0,0.0,251.8467912081068,693374.5116825114,0.45459709604351406,2753.1600000000003,4,0.04089085747817938,Mensual,Estimado,1997-04-01
1997,Temporal,61.0,61.0,0.0,23.71669733734404,56290.39529531921,0.38879831700564,2373.45,4,0.04089085747817938,Mensual,Estimado,1997-04-01
1997,Riego,682.0,554.0,0.0,221.8529359672163,610796.6291875013,0.40045656311771893,2753.1600000000003,5,0.03602093456197699,Mensual,Estimado,1997-05-01
1997,Temporal,61.0,61.0,0.0,20.892142045946656,49586.454538952086,0.34249413190076483,2373.45,5,0.03602093456197699,Mensual,Estimado,1997-05-01
1997,Riego,682.0,554.0,0.0,224.837786825979,619014.4011778125,0.4058443805523087,2753.1600000000003,6,0.03650556694690356,Mensual,Estimado,1997-06-01
1997,Temporal,61.0,61.0,0.0,21.173228829204064,50253.59996467439,0.34710211195416496,2373.4500000000003,6,0.03650556694690356,Mensual,Estimado,1997-06-01
1997,Riego,682.0,554.0,0.0,243.78679483798388,671184.0520761437,0.4400483661335449,2753.16,7,0.03958220406526772,Mensual,Estimado,1997-07-01
1997,Temporal,61.0,61.0,0.0,22.957678357855276,54488.901698451606,0.37635538291566023,2373.4500000000003,7,0.03958220406526772,Mensual,Estimado,1997-07-01
1997,Riego,682.0,554.0,0.0,238.81653866403005,657500.141588261,0.431076784592112,2753.1600000000003,8,0.038775213291773025,Mensual,Estimado,1997-08-01
1997,Temporal,61.0,61.0,0.0,22.489623709228354,53377.99739266804,0.3686823558889894,2373.4500000000003,8,0.038775213291773025,Mensual,Estimado,1997-08-01
1997,Riego,682.0,554.0,0.0,245.0754352689758,674731.8853651335,0.44237443189345815,2753.1600000000003,9,0.03979143290614967,Mensual,Estimado,1997-09-01
1997,Temporal,61.0,61.0,0.0,23.079031085566807,54776.92633003854,0.3783447718945378,2373.4500000000003,9,0.03979143290614967,Mensual,Estimado,1997-09-01
1997,Riego,682.0,554.0,0.0,344.2108433090076,947667.5253646275,0.6213192117491112,2753.1600000000003,10,0.055887456293068294,Mensual,Estimado,1997-10-01
1997,Temporal,61.0,61.0,0.0,32.41472464997961,76934.7282204941,0.5313889286881903,2373.45,10,0.055887456293068294,Mensual,Estimado,1997-10-01
1997,Riego,682.0,554.0,0.0,1492.5707760346365,4109286.1577475206,2.694171075874795,2753.1600000000003,11,0.2423397915302219,Mensual,Estimado,1997-11-01
1997,Temporal,61.0,61.0,0.0,140.5570790875287,333605.19936029497,2.3042144112709626,2373.45,11,0.2423397915302219,Mensual,Estimado,1997-11-01
1997,Riego,682.0,554.0,0.0,2244.883554905054,6180523.608022398,4.0521363806950434,2753.16,12,0.3644883187051557,Mensual,Estimado,1997-12-01
1997,Temporal,61.0,61.0,0.0,211.4032248489903,501754.98401783605,3.4656266368686937,2373.45,12,0.3644883187051557,Mensual,Estimado,1997-12-01
1998,Riego,540.0,535.0,0.0,882.359804641071,3555574.7159777526,1.6492706628805067,4029.62,1,0.19273914474466383,Mensual,Estimado,1998-01-01
1998,Temporal,55.0,55.0,0.0,78.44483191107818,214421.88799406023,1.4262696711105125,2733.4100000000003,1,0.19273914474466383,Mensual,Estimado,1998-01-01
1998,Riego,540.0,535.0,0.0,1020.9497722092854,4114039.62108998,1.9083173312323092,4029.6199999999994,2,0.22301218265821,Mensual,Estimado,1998-02-01
1998,Temporal,55.0,55.0,0.0,90.76595834189146,248100.57819130959,1.6502901516707538,2733.4100000000003,2,0.22301218265821,Mensual,Estimado,1998-02-01
1998,Riego,540.0,535.0,0.0,187.1013325727219,753947.2717616915,0.3497221169583587,4029.6199999999994,3,0.04086966635489775,Mensual,Estimado,1998-03-01
1998,Temporal,55.0,55.0,0.0,16.633954206443384,45467.41676743441,0.3024355310262434,2733.4100000000003,3,0.04086966635489775,Mensual,Estimado,1998-03-01
1998,Riego,540.0,535.0,0.0,59.077787330848864,238061.0333841352,0.11042577071186703,4029.62,4,0.012904715450163579,Mensual,Estimado,1998-04-01
1998,Temporal,55.0,55.0,0.0,5.252219188216577,14356.468451263074,0.09549489433121049,2733.4100000000003,4,0.012904715450163579,Mensual,Estimado,1998-04-01
1998,Riego,540.0,535.0,0.0,78.33988464083865,315679.96594641625,0.14642969091745542,4029.6200000000003,5,0.017112250904508224,Mensual,Estimado,1998-05-01
1998,Temporal,55.0,55.0,0.0,6.964686118134847,19037.342682170976,0.12663065669336085,2733.4100000000003,5,0.017112250904508224,Mensual,Estimado,1998-05-01
1998,Riego,540.0,535.0,0.0,72.01835452074432,290206.6017438817,0.1346137467677464,4029.6199999999994,6,0.015731401162242097,Mensual,Estimado,1998-06-01
1998,Temporal,55.0,55.0,0.0,6.402680273032534,17501.15028510986,0.11641236860059152,2733.4100000000003,6,0.015731401162242097,Mensual,Estimado,1998-06-01
1998,Riego,540.0,535.0,0.0,75.21359886304228,303082.2222504924,0.14058616609914446,4029.62,7,0.016429357549812642,Mensual,Estimado,1998-07-01
1998,Temporal,55.0,55.0,0.0,6.686748522773745,18277.625279634984,0.12157724586861354,2733.4100000000003,7,0.016429357549812642,Mensual,Estimado,1998-07-01
1998,Riego,540.0,535.0,0.0,62.95424377818737,253681.67981345937,0.11767148369754649,4029.62,8,0.013751473083920352,Mensual,Estimado,1998-08-01
1998,Temporal,55.0,55.0,0.0,5.5968495451555835,15298.484515223725,0.10176090082101061,2733.4100000000003,8,0.013751473083920352,Mensual,Estimado,1998-08-01
1998,Riego,540.0,535.0,0.0,50.7224721191331,204392.28810070112,0.09480835910118336,4029.62,9,0.011079613831178047,Mensual,Estimado,1998-09-01
1998,Temporal,55.0,55.0,0.0,4.509402829289465,12326.046787608118,0.08198914235071755,2733.4100000000003,9,0.011079613831178047,Mensual,Estimado,1998-09-01
1998,Riego,540.0,535.0,0.0,53.32221000084245,214868.24386359478,0.09966768224456533,4029.6200000000003,10,0.011647490170564101,Mensual,Estimado,1998-10-01
1998,Temporal,55.0,55.0,0.0,4.7405284994195895,12957.808005598501,0.08619142726217435,2733.4100000000003,10,0.011647490170564101,Mensual,Estimado,1998-10-01
1998,Riego,540.0,535.0,0.0,1077.1465692274933,4340491.358290492,2.0133580733224172,4029.6200000000003,11,0.23528758611347605,Mensual,Estimado,1998-11-01
1998,Temporal,55.0,55.0,0.0,95.76204754818475,261756.93838868372,1.7411281372397227,2733.4100000000003,11,0.23528758611347605,Mensual,Estimado,1998-11-01
1998,Riego,540.0,535.0,0.0,958.7939700957912,3863575.357777402,1.792138261861292,4029.6199999999994,12,0.2094351179763633,Mensual,Estimado,1998-12-01
1998,Temporal,55.0,55.0,0.0,85.24009301637986,232996.1226519029,1.5498198730250883,2733.4100000000003,12,0.2094351179763633,Mensual,Estimado,1998-12-01
1999,Riego,494.0,492.0,0.0,962.6066942367145,4602019.520559009,1.9565176712128343,4780.789026413448,1,0.2101302541446659,Mensual,Estimado,1999-01-01
1999,Temporal,112.0,112.0,0.0,206.76817007835126,938336.6498830057,1.8461443756995648,4538.109756097561,1,0.2101302541446659,Mensual,Estimado,1999-01-01
1999,Riego,494.0,492.0,0.0,967.9852403624687,4627733.214855073,1.9674496755334732,4780.789026413447,2,0.21130435284053017,Mensual,Estimado,1999-02-01
1999,Temporal,112.0,112.0,0.0,207.9234831950817,943579.5876093875,1.856459671384658,4538.10975609756,2,0.21130435284053017,Mensual,Estimado,1999-02-01
1999,Riego,494.0,492.0,0.0,237.4765054752263,1135325.0714069747,0.48267582413663884,4780.789026413447,3,0.05183944673111249,Mensual,Estimado,1999-03-01
1999,Temporal,112.0,112.0,0.0,51.010015583414685,231489.04937778282,0.45544656770905967,4538.109756097561,3,0.05183944673111249,Mensual,Estimado,1999-03-01
1999,Riego,494.0,492.0,0.0,44.274622236182694,211667.62813534302,0.08998906958573719,4780.789026413448,4,0.009664837859895808,Mensual,Estimado,1999-04-01
1999,Temporal,112.0,112.0,0.0,9.510200454137475,43158.33346336473,0.08491250405479889,4538.109756097561,4,0.009664837859895808,Mensual,Estimado,1999-04-01
1999,Riego,494.0,492.0,0.0,50.49267996740848,241394.85030239256,0.10262739830774081,4780.789026413448,5,0.011022196019953827,Mensual,Estimado,1999-05-01
1999,Temporal,112.0,112.0,0.0,10.845840883634565,49219.61632710381,0.09683786503245148,4538.10975609756,5,0.011022196019953827,Mensual,Estimado,1999-05-01
1999,Riego,494.0,492.0,0.0,44.0687262848176,210683.28303047383,0.08957058187971056,4780.789026413448,6,0.0096198922254568,Mensual,Estimado,1999-06-01
1999,Temporal,112.0,112.0,0.0,9.465973949849491,42957.628732777346,0.0845176245522276,4538.109756097561,6,0.0096198922254568,Mensual,Estimado,1999-06-01
1999,Riego,494.0,492.0,0.0,37.12925575795979,177507.13848655246,0.07546596698772315,4780.789026413448,7,0.008105054738694563,Mensual,Estimado,1999-07-01
1999,Temporal,112.0,112.0,0.0,7.97537386287545,36193.12193564057,0.07120869520424508,4538.109756097561,7,0.008105054738694563,Mensual,Estimado,1999-07-01
1999,Riego,494.0,492.0,0.0,53.66270065257669,256550.05040754838,0.10907052978165993,4780.789026413448,8,0.011714189184146843,Mensual,Estimado,1999-08-01
1999,Temporal,112.0,112.0,0.0,11.526762157200494,52309.71180180773,0.1029175192607187,4538.109756097561,8,0.011714189184146843,Mensual,Estimado,1999-08-01
1999,Riego,494.0,492.0,0.0,40.58131504820546,194010.70565988758,0.0824823476589542,4780.789026413448,9,0.008858614941760634,Mensual,Estimado,1999-09-01
1999,Temporal,112.0,112.0,0.0,8.716877102692465,39558.14502243211,0.07782925984546843,4538.10975609756,9,0.008858614941760634,Mensual,Estimado,1999-09-01
1999,Riego,494.0,492.0,0.0,43.3504213526024,207249.21869292072,0.08811061250528944,4780.789026413447,10,0.009463091323423357,Mensual,Estimado,1999-10-01
1999,Temporal,112.0,112.0,0.0,9.311681862248584,42257.434304747,0.0831400166272195,4538.109756097561,10,0.009463091323423357,Mensual,Estimado,1999-10-01
1999,Riego,494.0,492.0,0.0,1229.6615128157814,5878752.266672646,2.499312017918255,4780.789026413447,11,0.2684264380737353,Mensual,Estimado,1999-11-01
1999,Temporal,112.0,112.0,0.0,264.13161506455555,1198658.2592182648,2.358317991647817,4538.10975609756,11,0.2684264380737353,Mensual,Estimado,1999-11-01
1999,Riego,494.0,492.0,0.0,869.710325810056,4157901.5817911797,1.7677039142480813,4780.789026413448,12,0.18985163191662432,Mensual,Estimado,1999-12-01
1999,Temporal,112.0,112.0,0.0,186.81400580595835,847782.4623236859,1.6679821946960567,4538.10975609756,12,0.18985163191662432,Mensual,Estimado,1999-12-01
2000,Riego,556.0,521.0,0.0,1002.9033896410833,5125084.338700325,1.924958521384037,5110.247299627214,1,0.23366807773557394,Mensual,Estimado,2000-01-01
2000,Temporal,98.0,98.0,0.0,215.2082995944636,1083518.8764598563,2.1960030570863633,5034.744842562432,1,0.23366807773557394,Mensual,Estimado,2000-01-01
2000,Riego,556.0,521.0,0.0,926.1105749773357,4732654.064934135,1.7775634836417191,5110.247299627214,2,0.215775996033862,Mensual,Estimado,2000-02-01
2000,Temporal,98.0,98.0,0.0,198.7296923471869,1000553.2936090181,2.0278540035427235,5034.7448425624325,2,0.215775996033862,Mensual,Estimado,2000-02-01
2000,Riego,556.0,521.0,0.0,248.5846173897976,1270328.869745077,0.47712978385757693,5110.247299627214,3,0.05791813079911407,Mensual,Estimado,2000-03-01
2000,Temporal,98.0,98.0,0.0,53.34259846598406,268566.37251549197,0.5443122292447353,5034.7448425624325,3,0.05791813079911407,Mensual,Estimado,2000-03-01
2000,Riego,556.0,521.0,0.0,60.14984047440175,307380.5598573192,0.11545074947102063,5110.247299627214,4,0.014014408311836382,Mensual,Estimado,2000-04-01
2000,Temporal,98.0,98.0,0.0,12.907270055201307,64984.8113419853,0.13170683729797253,5034.7448425624325,4,0.014014408311836382,Mensual,Estimado,2000-04-01
2000,Riego,556.0,521.0,0.0,66.30951194028623,338858.0043324462,0.12727353539402347,5110.247299627214,5,0.015449560097923167,Mensual,Estimado,2000-05-01
2000,Temporal,98.0,98.0,0.0,14.229044850187236,71639.61017406972,0.1451943352059922,5034.744842562432,5,0.015449560097923167,Mensual,Estimado,2000-05-01
2000,Riego,556.0,521.0,0.0,52.948145120940715,270578.11562455713,0.10162791769854264,5110.247299627214,6,0.012336473700125982,Mensual,Estimado,2000-06-01
2000,Temporal,98.0,98.0,0.0,11.361892277816029,57204.22854748418,0.11593767630424519,5034.7448425624325,6,0.012336473700125982,Mensual,Estimado,2000-06-01
2000,Riego,556.0,521.0,0.0,65.05999819111949,332472.6800699198,0.12487523645128501,5110.247299627214,7,0.015158433874911345,Mensual,Estimado,2000-07-01
2000,Temporal,98.0,98.0,0.0,13.96091759879335,70289.65787796391,0.14245834284483008,5034.7448425624325,7,0.015158433874911345,Mensual,Estimado,2000-07-01
2000,Riego,556.0,521.0,0.0,64.50647405642063,329644.0348552964,0.1238128100890991,5110.247299627214,8,0.01502946739431981,Mensual,Estimado,2000-08-01
2000,Temporal,98.0,98.0,0.0,13.842139470168545,69691.64030746096,0.14124632112416882,5034.744842562432,8,0.01502946739431981,Mensual,Estimado,2000-08-01
2000,Riego,556.0,521.0,0.0,61.12880051428239,312383.2877575622,0.11732975146695276,5110.247299627214,9,0.01424249778990736,Mensual,Estimado,2000-09-01
2000,Temporal,98.0,98.0,0.0,13.117340464504679,66042.46225180043,0.13385041290310898,5034.7448425624325,9,0.01424249778990736,Mensual,Estimado,2000-09-01
2000,Riego,556.0,521.0,0.0,79.25949334901436,405035.61185662175,0.15212954577545942,5110.247299627214,10,0.018466797145623104,Mensual,Estimado,2000-10-01
2000,Temporal,98.0,98.0,0.0,17.00792017111888,85630.53836425433,0.17355020582774366,5034.744842562432,10,0.018466797145623104,Mensual,Estimado,2000-10-01
2000,Riego,556.0,521.0,0.0,1054.0197423776547,5386301.542239181,2.0230705227978016,5110.247299627214,11,0.24557775917466323,Mensual,Estimado,2000-11-01
2000,Temporal,98.0,98.0,0.0,226.17711619986483,1138744.0692929134,2.3079297571414776,5034.7448425624325,11,0.24557775917466323,Mensual,Estimado,2000-11-01
2000,Riego,556.0,521.0,0.0,611.0194119676631,3122460.300027558,1.1727819807440751,5110.247299627213,12,0.1423623979421396,Mensual,Estimado,2000-12-01
2000,Temporal,98.0,98.0,0.0,131.11576850471056,660134.4392577013,1.3379160051501078,5034.7448425624325,12,0.1423623979421396,Mensual,Estimado,2000-12-01
2001,Riego,526.5,513.0,0.0,889.392396279991,5383105.309914939,1.7337083748147972,6052.565023526776,1,0.22142365530908234,Mensual,Estimado,2001-01-01
2001,Temporal,101.5,101.5,0.0,203.15620374608304,1219360.9941392115,2.00153895316338,6002.085940054496,1,0.22142365530908234,Mensual,Estimado,2001-01-01
2001,Riego,526.5,513.0,0.0,880.6436002858817,5330152.653283022,1.7166541915904125,6052.565023526776,2,0.21924554990063527,Mensual,Estimado,2001-02-01
2001,Temporal,101.5,101.5,0.0,201.15779203383286,1207366.3552986744,1.9818501678210134,6002.085940054496,2,0.21924554990063527,Mensual,Estimado,2001-02-01
2001,Riego,526.5,513.0,0.0,74.42678644937003,450472.9644769536,0.1450814550669981,6052.565023526776,3,0.018529336631904307,Mensual,Estimado,2001-03-01
2001,Temporal,101.5,101.5,0.0,17.0006663597722,102039.46052954618,0.1674942498499724,6002.085940054497,3,0.018529336631904307,Mensual,Estimado,2001-03-01
2001,Riego,526.5,513.0,0.0,13.793234097209107,83484.44625808476,0.02688739590099241,6052.565023526776,4,0.003433971692486147,Mensual,Estimado,2001-04-01
2001,Temporal,101.5,101.5,0.0,3.15066902785604,18910.586273859903,0.031041074166069358,6002.085940054496,4,0.003433971692486147,Mensual,Estimado,2001-04-01
2001,Riego,526.5,513.0,0.0,10.640030669740382,64399.47748092281,0.020740800525809712,6052.565023526776,5,0.0026489483082481596,Mensual,Estimado,2001-05-01
2001,Temporal,101.5,101.5,0.0,2.4304100728176863,14587.530126625858,0.02394492682579001,6002.085940054496,5,0.0026489483082481596,Mensual,Estimado,2001-05-01
2001,Riego,526.5,513.0,0.0,11.714844362813352,70904.85724642391,0.022835953923612772,6052.565023526776,6,0.0029165345589198476,Mensual,Estimado,2001-06-01
2001,Temporal,101.5,101.5,0.0,2.67592045780896,16061.104556519349,0.026363748352797638,6002.085940054496,6,0.0029165345589198476,Mensual,Estimado,2001-06-01
2001,Riego,526.5,513.0,0.0,11.808578115116227,71472.18687713622,0.023018670789700248,6052.565023526777,7,0.0029398705691528436,Mensual,Estimado,2001-07-01
2001,Temporal,101.5,101.5,0.0,2.697331247197734,16189.613954475177,0.02657469209061807,6002.085940054496,7,0.0029398705691528436,Mensual,Estimado,2001-07-01
2001,Riego,526.5,513.0,0.0,12.005418994952265,72663.57910163206,0.023402376208483948,6052.565023526776,8,0.0029888761906421354,Mensual,Estimado,2001-08-01
2001,Temporal,101.5,101.5,0.0,2.7422939049141593,16459.483690182416,0.027017673940040978,6002.085940054496,8,0.0029888761906421354,Mensual,Estimado,2001-08-01
2001,Riego,526.5,513.0,0.0,11.76171123896479,71188.52206178007,0.022927312356656508,6052.565023526776,9,0.002928202564036346,Mensual,Estimado,2001-09-01
2001,Temporal,101.5,101.5,0.0,2.6866258525033473,16125.359255497264,0.026469220221707855,6002.085940054496,9,0.002928202564036346,Mensual,Estimado,2001-09-01
2001,Riego,526.5,513.0,0.0,17.55070778119037,106226.80005457204,0.03421190600621904,6052.565023526776,10,0.004369434556026183,Mensual,Estimado,2001-10-01
2001,Temporal,101.5,101.5,0.0,4.008956205154023,24062.099673249184,0.039497105469497765,6002.085940054495,10,0.004369434556026183,Mensual,Estimado,2001-10-01
2001,Riego,526.5,513.0,0.0,1131.0880010513652,6845983.67369431,2.2048499045835577,6052.565023526776,11,0.28159633556187047,Mensual,Estimado,2001-11-01
2001,Temporal,101.5,101.5,0.0,258.36463787801614,1550726.760414912,2.545464412591292,6002.085940054496,11,0.28159633556187047,Mensual,Estimado,2001-11-01
2001,Riego,526.5,513.0,0.0,951.8746906734057,5761283.459550224,1.8555062196362684,6052.565023526776,12,0.23697928415699596,Mensual,Estimado,2001-12-01
2001,Temporal,101.5,101.5,0.0,217.42849321404378,1305024.5020872466,2.1421526425028943,6002.085940054496,12,0.23697928415699596,Mensual,Estimado,2001-12-01
2002,Riego,458.7,444.0,0.0,710.3284708321598,3529976.506024002,1.5998388982706302,4969.498831841253,1,0.18117389007885323,Mensual,Estimado,2002-01-01
2002,Temporal,235.5,181.5,0.0,272.71199804119385,1548370.078305222,1.5025454437531343,5677.674944361402,1,0.18117389007885323,Mensual,Estimado,2002-01-01
2002,Riego,458.7,444.0,0.0,509.621710101766,2532564.4930316675,1.1477966443733467,4969.4988318412525,2,0.12998232716141658,Mensual,Estimado,2002-02-01
2002,Temporal,235.5,181.5,0.0,195.65589795972232,1110870.5895624466,1.07799392815274,5677.674944361402,2,0.12998232716141658,Mensual,Estimado,2002-02-01
2002,Riego,458.7,444.0,0.0,675.5316961482075,3357053.9748802576,1.5214677841175845,4969.498831841253,3,0.1722987466901848,Mensual,Estimado,2002-03-01
2002,Temporal,235.5,181.5,0.0,259.35268845540065,1472520.260995997,1.4289404322611605,5677.674944361403,3,0.1722987466901848,Mensual,Estimado,2002-03-01
2002,Riego,458.7,444.0,0.0,633.8477846963767,3149905.8256138107,1.427585100667515,4969.498831841254,4,0.1616669943368217,Mensual,Estimado,2002-04-01
2002,Temporal,235.5,181.5,0.0,243.34924322550086,1381657.9009907348,1.34076718030579,5677.674944361402,4,0.1616669943368217,Mensual,Estimado,2002-04-01
2002,Riego,458.7,444.0,0.0,7.260927849976664,36083.17246854265,0.016353441103551046,4969.498831841253,5,0.001851946807962013,Mensual,Estimado,2002-05-01
2002,Temporal,235.5,181.5,0.0,2.78764293268482,15827.330432730741,0.01535891422966843,5677.674944361403,5,0.001851946807962013,Mensual,Estimado,2002-05-01
2002,Riego,458.7,444.0,0.0,5.3245745880034,26460.46719513452,0.011992285108115765,4969.498831841253,6,0.001358067331854873,Mensual,Estimado,2002-06-01
2002,Temporal,235.5,181.5,0.0,2.0442308512745475,11606.478284772078,0.011262979896829462,5677.674944361402,6,0.001358067331854873,Mensual,Estimado,2002-06-01
2002,Riego,458.7,444.0,0.0,4.567034283009908,22695.871534396698,0.010286113250022317,4969.498831841253,7,0.001164851756831665,Mensual,Estimado,2002-07-01
2002,Temporal,235.5,181.5,0.0,1.7533931069708637,9955.196111064464,0.009660568082484097,5677.674944361402,7,0.001164851756831665,Mensual,Estimado,2002-07-01
2002,Riego,458.7,444.0,0.0,5.3029264558355536,26352.88682761486,0.01194352805368368,4969.498831841253,8,0.00135254583514055,Mensual,Estimado,2002-08-01
2002,Temporal,235.5,181.5,0.0,2.035919618345313,11559.289805813012,0.011217187979863983,5677.674944361403,8,0.00135254583514055,Mensual,Estimado,2002-08-01
2002,Riego,458.7,444.0,0.0,4.985420517373813,24775.041437326578,0.011228424588679758,4969.498831841253,9,0.00127156388333048,Mensual,Estimado,2002-09-01
2002,Temporal,235.5,181.5,0.0,1.914021535383205,10867.192114413365,0.01054557319770361,5677.674944361403,9,0.00127156388333048,Mensual,Estimado,2002-09-01
2002,Riego,458.7,444.0,0.0,352.7684366290644,1753082.3337386006,0.7945235059213163,4969.4988318412525,10,0.0899758809980525,Mensual,Estimado,2002-10-01
2002,Temporal,235.5,181.5,0.0,135.4361948723185,768962.6901862111,0.7462049304259973,5677.6749443614035,10,0.0899758809980525,Mensual,Estimado,2002-10-01
2002,Riego,458.7,444.0,0.0,534.7394605725932,2657387.1246549236,1.2043681544427776,4969.4988318412525,11,0.13638877255913312,Mensual,Estimado,2002-11-01
2002,Temporal,235.5,181.5,0.0,205.29919989463514,1165622.123339213,1.1311250682900007,5677.674944361403,11,0.13638877255913312,Mensual,Estimado,2002-11-01
2002,Riego,458.7,444.0,0.0,476.4215573256329,2367576.3725937232,1.073021525508182,4969.498831841253,12,0.12151441256041852,Mensual,Estimado,2002-12-01
2002,Temporal,235.5,181.5,0.0,182.90956950656997,1038501.0798713828,1.007766223176694,5677.674944361403,12,0.12151441256041852,Mensual,Estimado,2002-12-01
2003,Riego,449.2,438.5,0.0,457.2651591658096,2637292.6017381344,1.042793977573112,5767.53454505337,1,0.12611775909915593,Mensual,Estimado,2003-01-01
2003,Temporal,231.5,177.5,0.0,192.64487702396067,1239516.8658662792,1.085323250839215,6434.206219312602,1,0.12611775909915593,Mensual,Estimado,2003-01-01
2003,Riego,449.2,438.5,0.0,449.36950914196814,2591754.1674699774,1.024787934189209,5767.53454505337,2,0.12394006926716722,Mensual,Estimado,2003-02-01
2003,Temporal,231.5,177.5,0.0,189.31845580559792,1218113.9857750363,1.0665828496090024,6434.206219312603,2,0.12394006926716722,Mensual,Estimado,2003-02-01
2003,Riego,449.2,438.5,0.0,569.9376701450553,3287135.201088839,1.2997438315736725,5767.53454505337,3,0.15719383019694277,Mensual,Estimado,2003-03-01
2003,Temporal,231.5,177.5,0.0,240.1135756258301,1544940.2616331028,1.352752538737071,6434.206219312602,3,0.15719383019694277,Mensual,Estimado,2003-03-01
2003,Riego,449.2,438.5,0.0,591.1433078157005,3409439.4489041697,1.3481033245511984,5767.534545053369,4,0.16304253187403825,Mensual,Estimado,2003-04-01
2003,Temporal,231.5,177.5,0.0,249.0474674375934,1602422.7638910164,1.4030843235920756,6434.206219312602,4,0.16304253187403825,Mensual,Estimado,2003-04-01
2003,Riego,449.2,438.5,0.0,6.774449071761494,39071.86904508915,0.015449142695009108,5767.53454505337,5,0.0018684527323720923,Mensual,Estimado,2003-05-01
2003,Temporal,231.5,177.5,0.0,2.854061548698371,18363.620566936017,0.016079219992666878,6434.206219312603,5,0.0018684527323720923,Mensual,Estimado,2003-05-01
2003,Riego,449.2,438.5,0.0,3.627378278896945,20921.029531514367,0.00827224236920626,5767.53454505337,6,0.0010004628841042958,Mensual,Estimado,2003-06-01
2003,Temporal,231.5,177.5,0.0,1.5282070554693117,9832.799340698044,0.008609617213911616,6434.206219312602,6,0.0010004628841042958,Mensual,Estimado,2003-06-01
2003,Riego,449.2,438.5,0.0,3.5946394597454705,20732.20726109398,0.008197581436135623,5767.534545053369,7,0.000991433229375147,Mensual,Estimado,2003-07-01
2003,Temporal,231.5,177.5,0.0,1.514414257870537,9744.053636606288,0.008531911311946687,6434.206219312602,7,0.000991433229375147,Mensual,Estimado,2003-07-01
2003,Riego,449.2,438.5,0.0,5.517216254030019,31820.73533764808,0.012582021103831286,5767.53454505337,8,0.001521696845858736,Mensual,Estimado,2003-08-01
2003,Temporal,231.5,177.5,0.0,2.3243919320492195,14955.617025311123,0.013095165814361799,6434.206219312602,8,0.001521696845858736,Mensual,Estimado,2003-08-01
2003,Riego,449.2,438.5,0.0,3.7173064277054264,21439.693236339983,0.008477323666374974,5767.53454505337,9,0.0010252658597527172,Mensual,Estimado,2003-09-01
2003,Temporal,231.5,177.5,0.0,1.5660936007722754,10076.569186114642,0.008823062539562115,6434.206219312602,9,0.0010252658597527172,Mensual,Estimado,2003-09-01
2003,Riego,449.2,438.5,0.0,536.8413140793663,3096250.8241645903,1.224267534958646,5767.534545053369,10,0.14806556363719178,Mensual,Estimado,2003-10-01
2003,Temporal,231.5,177.5,0.0,226.17014845581045,1455225.3758172302,1.2741980194693547,6434.206219312603,10,0.14806556363719178,Mensual,Estimado,2003-10-01
2003,Riego,449.2,438.5,0.0,391.04198750015746,2255348.171473486,0.89177192132305,5767.534545053369,11,0.10785282497177304,Mensual,Estimado,2003-11-01
2003,Temporal,231.5,177.5,0.0,164.74519014438332,1060004.5270288284,0.9281419163063849,6434.206219312602,11,0.10785282497177304,Mensual,Estimado,2003-11-01
2003,Riego,449.2,438.5,0.0,606.870062659803,3500144.050749117,1.3839682158718427,5767.53454505337,12,0.167380109402268,Mensual,Estimado,2003-12-01
2003,Temporal,231.5,177.5,0.0,255.67311711196436,1645053.5602328405,1.4404119273913485,6434.206219312603,12,0.167380109402268,Mensual,Estimado,2003-12-01
2004,Riego,368.7,303.7,0.0,457.8770906640972,2637924.2403573627,1.5076624651435535,5761.205996420048,1,0.17074772175719616,Mensual,Estimado,2004-01-01
2004,Temporal,231.5,175.0,0.0,265.0038791216036,1559637.010165711,1.5143078806948775,5885.336529168439,1,0.17074772175719616,Mensual,Estimado,2004-01-01
2004,Riego,368.7,303.7,0.0,378.8671495446099,2182731.693802978,1.2475046083128414,5761.205996420049,2,0.14128399073113437,Mensual,Estimado,2004-02-01
2004,Temporal,231.5,175.0,0.0,219.27557929453516,1290510.5767766985,1.2530033102544866,5885.3365291684395,2,0.14128399073113437,Mensual,Estimado,2004-02-01
2004,Riego,368.7,303.7,0.0,634.6009797407086,3656066.9698162074,2.089565293844941,5761.205996420048,3,0.23665012669328334,Mensual,Estimado,2004-03-01
2004,Temporal,231.5,175.0,0.0,367.2857296305096,2161600.121236721,2.0987755978886264,5885.3365291684395,3,0.23665012669328334,Mensual,Estimado,2004-03-01
2004,Riego,368.7,303.7,0.0,463.75962078623,2671814.7081711157,1.5270320078571946,5761.205996420048,4,0.17294138603305118,Mensual,Estimado,2004-04-01
2004,Temporal,231.5,175.0,0.0,268.40848995101607,1579674.2906476548,1.5337627997200918,5885.3365291684395,4,0.17294138603305118,Mensual,Estimado,2004-04-01
2004,Riego,368.7,303.7,0.0,2.986362771693817,17205.051107768013,0.009833265629548294,5761.205996420048,5,0.001113649601616131,Mensual,Estimado,2004-05-01
2004,Temporal,231.5,175.0,0.0,1.7284064547002675,10172.253645097999,0.009876608312572957,5885.336529168439,5,0.001113649601616131,Mensual,Estimado,2004-05-01
2004,Riego,368.7,303.7,0.0,3.729071109820752,21483.94683897608,0.0122787985176844,5761.205996420048,6,0.001390614226514302,Mensual,Estimado,2004-06-01
2004,Temporal,231.5,175.0,0.0,2.158261091834727,12702.092843257877,0.012332920524769869,5885.336529168439,6,0.001390614226514302,Mensual,Estimado,2004-06-01
2004,Riego,368.7,303.7,0.0,2.5762197185472706,14842.132490590106,0.0084827781315353,5761.205996420049,7,0.0009607024606754441,Mensual,Estimado,2004-07-01
2004,Temporal,231.5,175.0,0.0,1.4910294330175027,8775.209988203214,0.008520168188671445,5885.336529168439,7,0.0009607024606754441,Mensual,Estimado,2004-07-01
2004,Riego,368.7,303.7,0.0,1.118395492454375,6443.306817497298,0.003682566652796757,5761.205996420047,8,0.0004170627582243344,Mensual,Estimado,2004-08-01
2004,Temporal,231.5,175.0,0.0,0.6472897420193314,3809.517963662386,0.003698798525824751,5885.336529168439,8,0.0004170627582243344,Mensual,Estimado,2004-08-01
2004,Riego,368.7,303.7,0.0,3.4724890544293787,20005.724762881517,0.011433944861473094,5761.205996420047,9,0.0012949317774572564,Mensual,Estimado,2004-09-01
2004,Temporal,231.5,175.0,0.0,2.009760017249211,11828.114044378974,0.011484342955709777,5885.3365291684395,9,0.0012949317774572564,Mensual,Estimado,2004-09-01
2004,Riego,368.7,303.7,0.0,116.70497173864653,672361.3829927227,0.38427715422669256,5761.205996420048,10,0.043520648768886686,Mensual,Estimado,2004-10-01
2004,Temporal,231.5,175.0,0.0,67.54491730228752,397524.56915881403,0.3859709560130715,5885.336529168439,10,0.043520648768886686,Mensual,Estimado,2004-10-01
2004,Riego,368.7,303.7,0.0,261.3812698697493,1505871.3393254864,0.8606561404996684,5761.205996420048,11,0.09747213226049721,Mensual,Estimado,2004-11-01
2004,Temporal,231.5,175.0,0.0,151.27869871093688,890326.0516085431,0.8644497069196393,5885.336529168439,11,0.09747213226049721,Mensual,Estimado,2004-11-01
2004,Riego,368.7,303.7,0.0,354.52637950901277,2042499.503516414,1.1673571929832491,5761.205996420048,12,0.1322070329314636,Mensual,Estimado,2004-12-01
2004,Temporal,231.5,175.0,0.0,205.18795925029013,1207600.1919212576,1.1725026242873722,5885.3365291684395,12,0.1322070329314636,Mensual,Estimado,2004-12-01
2005,Riego,587.53,372.68,0.0,166.88780477018088,1039507.0567904656,0.4478045636207494,6228.777820056761,1,0.05825928665390647,Mensual,Estimado,2005-01-01
2005,Temporal,797.0,354.75,0.0,177.49157753405837,1355474.5455185848,0.5003286188416022,7636.838684689061,1,0.05825928665390647,Mensual,Estimado,2005-01-01
2005,Riego,587.53,372.68,0.0,212.61733094125069,1324346.1151265304,0.5705090988012522,6228.777820056761,2,0.07422312282166282,Mensual,Estimado,2005-02-01
2005,Temporal,797.0,354.75,0.0,226.1266815260215,1726892.9891182845,0.6374254588471361,7636.838684689062,2,0.07422312282166282,Mensual,Estimado,2005-02-01
2005,Riego,587.53,372.68,0.0,278.17534610698664,1732692.4259178112,0.7464187670574933,6228.777820056761,3,0.09710893645712501,Mensual,Estimado,2005-03-01
2005,Temporal,797.0,354.75,0.0,295.8501436315479,2259359.8217562204,0.8339679876858291,7636.838684689063,3,0.09710893645712501,Mensual,Estimado,2005-03-01
2005,Riego,587.53,372.68,0.0,273.26620335139586,1702114.466406295,0.7332462255860144,6228.777820056761,4,0.09539519137301439,Mensual,Estimado,2005-04-01
2005,Temporal,797.0,354.75,0.0,290.62908213319815,2219487.417330482,0.8192504077045755,7636.838684689061,4,0.09539519137301439,Mensual,Estimado,2005-04-01
2005,Riego,587.53,372.68,0.0,235.0652092146013,1464168.961422911,0.630742753071271,6228.777820056762,5,0.08205950953008699,Mensual,Estimado,2005-05-01
2005,Temporal,797.0,354.75,0.0,250.0008605441724,1909216.2430092911,0.7047240607305776,7636.838684689062,5,0.08205950953008699,Mensual,Estimado,2005-05-01
2005,Riego,587.53,372.68,0.0,183.46108691766125,1142738.349036234,0.492275107109749,6228.777820056761,6,0.06404489571477089,Mensual,Estimado,2005-06-01
2005,Temporal,797.0,354.75,0.0,195.11789838670668,1490083.914474831,0.5500152174396242,7636.838684689061,6,0.06404489571477089,Mensual,Estimado,2005-06-01
2005,Riego,587.53,372.68,0.0,224.04238842852584,1395510.2597961433,0.6011655801988994,6228.777820056761,7,0.07821152509051126,Mensual,Estimado,2005-07-01
2005,Temporal,797.0,354.75,0.0,238.27766811024978,1819688.1135218565,0.6716777113749113,7636.838684689061,7,0.07821152509051126,Mensual,Estimado,2005-07-01
2005,Riego,587.53,372.68,0.0,208.10306884859224,1296227.7795298565,0.5583961276392407,6228.777820056761,8,0.07264722762878625,Mensual,Estimado,2005-08-01
2005,Temporal,797.0,354.75,0.0,221.32559074930762,1690227.833345972,0.6238917286802188,7636.838684689062,8,0.07264722762878625,Mensual,Estimado,2005-08-01
2005,Riego,587.53,372.68,0.0,240.5557135336647,1498368.0929464186,0.6454752429260081,6228.777820056761,9,0.08397620359553604,Mensual,Estimado,2005-09-01
2005,Temporal,797.0,354.75,0.0,255.84022235008817,1953810.5071426043,0.7211845591263937,7636.838684689062,9,0.08397620359553604,Mensual,Estimado,2005-09-01
2005,Riego,587.53,372.68,0.0,265.26643710915795,1652285.699871005,0.711780715651921,6228.777820056762,10,0.09260253270444009,Mensual,Estimado,2005-10-01
2005,Temporal,797.0,354.75,0.0,282.12102408669307,2154512.7505093524,0.7952671573973025,7636.838684689063,10,0.09260253270444009,Mensual,Estimado,2005-10-01
2005,Riego,587.53,372.68,0.0,264.76417960937215,1649157.2494963817,0.710433024603875,6228.777820056761,11,0.09242719836114045,Mensual,Estimado,2005-11-01
2005,Temporal,797.0,354.75,0.0,281.5868539830833,2150433.3795979004,0.7937613924822644,7636.838684689061,11,0.09242719836114045,Mensual,Estimado,2005-11-01
2005,Riego,587.53,372.68,0.0,312.3652311686107,1945653.6236599456,0.8381593623715002,6228.777820056762,12,0.10904437006901933,Mensual,Estimado,2005-12-01
2005,Temporal,797.0,354.75,0.0,332.21239696487294,2537052.4846746204,0.9364690541645467,7636.838684689061,12,0.10904437006901933,Mensual,Estimado,2005-12-01
2006,Riego,619.23,380.38,0.0,345.10194953289044,2433784.3963237763,0.9072557693172366,7052.363510603179,1,0.13562555984346378,Mensual,Estimado,2006-01-01
2006,Temporal,955.0,387.75,0.0,514.4385985310456,4171562.8321316685,1.3267275268369971,8108.961582671602,1,0.13562555984346378,Mensual,Estimado,2006-01-01
2006,Riego,619.23,380.38,0.0,262.69566825233807,1852625.345176307,0.6906137763613704,7052.363510603179,2,0.1032397734159441,Mensual,Estimado,2006-02-01
2006,Temporal,955.0,387.75,0.0,391.5967197485493,3175442.756341204,1.009920618307026,8108.961582671603,2,0.1032397734159441,Mensual,Estimado,2006-02-01
2006,Riego,619.23,380.38,0.0,296.4761423141149,2090857.5278204589,0.7794209535572714,7052.363510603179,3,0.11651554804604204,Mensual,Estimado,2006-03-01
2006,Temporal,955.0,387.75,0.0,441.9527949824811,3583778.235867278,1.1397879947968566,8108.961582671602,3,0.11651554804604204,Mensual,Estimado,2006-03-01
2006,Riego,619.23,380.38,0.0,231.3618637977281,1631647.96599224,0.6082387712227985,7052.363510603178,4,0.09092554344148526,Mensual,Estimado,2006-04-01
2006,Temporal,955.0,387.75,0.0,344.8878603170289,2796682.409640597,0.8894593431773795,8108.961582671602,4,0.09092554344148526,Mensual,Estimado,2006-04-01
2006,Riego,619.23,380.38,0.0,152.47014831540008,1075274.9104357823,0.40083639601293464,7052.363510603179,5,0.05992098640034273,Mensual,Estimado,2006-05-01
2006,Temporal,955.0,387.75,0.0,227.28509509541198,1843046.1044425576,0.5861640105619909,8108.961582671603,5,0.05992098640034273,Mensual,Estimado,2006-05-01
2006,Riego,619.23,380.38,0.0,135.78051979277603,957573.5832373064,0.35696019715225835,7052.363510603179,6,0.053361938516017185,Mensual,Estimado,2006-06-01
2006,Temporal,955.0,387.75,0.0,202.40610174633446,1641303.3031593456,0.5220015518925454,8108.961582671603,6,0.053361938516017185,Mensual,Estimado,2006-06-01
2006,Riego,619.23,380.38,0.0,70.5386354453161,497464.0987022873,0.18544254546852124,7052.363510603179,7,0.02772178463730531,Mensual,Estimado,2006-07-01
2006,Temporal,955.0,387.75,0.0,105.15094687207002,852664.9885671585,0.2711823259112057,8108.961582671602,7,0.02772178463730531,Mensual,Estimado,2006-07-01
2006,Riego,619.23,380.38,0.0,139.25471404810463,982074.864032333,0.366093680130671,7052.363510603179,8,0.05472730182828378,Mensual,Estimado,2006-08-01
2006,Temporal,955.0,387.75,0.0,207.58503401882663,1683299.065996243,0.5353579213896238,8108.961582671603,8,0.05472730182828378,Mensual,Estimado,2006-08-01
2006,Riego,619.23,380.38,0.0,170.7512889049856,1204200.159261982,0.44889660051786534,7052.363510603179,9,0.06710550080368227,Mensual,Estimado,2006-09-01
2006,Temporal,955.0,387.75,0.0,254.53653298843113,2064026.967389611,0.6564449593512086,8108.961582671603,9,0.06710550080368227,Mensual,Estimado,2006-09-01
2006,Riego,619.23,380.38,0.0,233.24069329403173,1644898.1545746168,0.6131781200221667,7052.363510603179,10,0.09166392612124555,Mensual,Estimado,2006-10-01
2006,Temporal,955.0,387.75,0.0,347.6886048919741,2819393.5398017033,0.8966824110689209,8108.961582671602,10,0.09166392612124555,Mensual,Estimado,2006-10-01
2006,Riego,619.23,380.38,0.0,257.8175530090675,1818223.1032341484,0.6777894553053986,7052.363510603178,11,0.10132266714707194,Mensual,Estimado,2006-11-01
2006,Temporal,955.0,387.75,0.0,384.32498230221563,3116476.51674961,0.9911669433970745,8108.961582671603,11,0.10132266714707194,Mensual,Estimado,2006-11-01
2006,Riego,619.23,380.38,0.0,249.03082329324678,1756255.8912087616,0.6546895822420915,7052.363510603178,12,0.09786946979911605,Mensual,Estimado,2006-12-01
2006,Temporal,955.0,387.75,0.0,371.2267285056311,3010263.2799130236,0.9573867917617823,8108.961582671602,12,0.09786946979911605,Mensual,Estimado,2006-12-01
2007,Riego,783.58,470.68,0.0,292.72276898258133,2807667.4272124716,0.6219146107388912,9591.558036196166,1,0.0877687334288554,Mensual,Estimado,2007-01-01
2007,Temporal,1384.0,555.0799999999999,0.0,603.1967643011487,6092323.245817256,1.0866843775692672,10100.05955996083,1,0.0877687334288554,Mensual,Estimado,2007-01-01
2007,Riego,783.58,470.68,0.0,197.62120756988423,1895495.2815897134,0.4198631927634151,9591.558036196164,2,0.059253891138621305,Mensual,Estimado,2007-02-01
2007,Temporal,1384.0,555.0799999999999,0.0,407.2265146225546,4113012.0520830615,0.7336357184956306,10100.059559960831,2,0.059253891138621305,Mensual,Estimado,2007-02-01
2007,Riego,783.58,470.68,0.0,361.0430999019942,3462965.8462781473,0.7670670092249388,9591.558036196166,3,0.10825360699396558,Mensual,Estimado,2007-03-01
2007,Temporal,1384.0,555.0799999999999,0.0,743.980491818518,7514247.278815983,1.3403121925101211,10100.05955996083,3,0.10825360699396558,Mensual,Estimado,2007-03-01
2007,Riego,783.58,470.68,0.0,356.4574065769766,3418981.902615044,0.7573243107354819,9591.558036196166,4,0.10687865247153859,Mensual,Estimado,2007-04-01
2007,Temporal,1384.0,555.0799999999999,0.0,734.5310206163219,7418807.056863667,1.3232885721271206,10100.05955996083,4,0.10687865247153859,Mensual,Estimado,2007-04-01
2007,Riego,783.58,470.68,0.0,321.67136159729387,3085329.5333426865,0.6834183768107713,9591.558036196166,5,0.09644855467122833,Mensual,Estimado,2007-05-01
2007,Temporal,1384.0,555.0799999999999,0.0,662.8494433768436,6694818.857393005,1.1941511914982412,10100.059559960831,5,0.09644855467122833,Mensual,Estimado,2007-05-01
2007,Riego,783.58,470.68,0.0,264.638208168876,2538292.732246736,0.5622465542807767,9591.558036196164,6,0.07934797975775555,Mensual,Estimado,2007-06-01
2007,Temporal,1384.0,555.0799999999999,0.0,545.324545243758,5507810.386470511,0.9824251373563416,10100.05955996083,6,0.07934797975775555,Mensual,Estimado,2007-06-01
2007,Riego,783.58,470.68,0.0,221.28205631509024,2122439.6855150163,0.47013269379427686,9591.558036196166,7,0.06634825804911616,Mensual,Estimado,2007-07-01
2007,Temporal,1384.0,555.0799999999999,0.0,455.9830478206143,4605455.941320671,0.8214726666797837,10100.059559960828,7,0.06634825804911616,Mensual,Estimado,2007-07-01
2007,Riego,783.58,470.68,0.0,233.90443128566363,2243507.927599901,0.4969500112298454,9591.558036196166,8,0.0701328965583851,Mensual,Estimado,2007-08-01
2007,Temporal,1384.0,555.0799999999999,0.0,481.9932409002607,4868160.440591182,0.8683311250635237,10100.059559960831,8,0.0701328965583851,Mensual,Estimado,2007-08-01
2007,Riego,783.58,470.68,0.0,198.5224278591064,1904139.3882971853,0.42177791250766206,9591.558036196166,9,0.059524109145919955,Mensual,Estimado,2007-09-01
2007,Temporal,1384.0,555.0799999999999,0.0,409.0836067929751,4131768.793612645,0.7369813482614671,10100.05955996083,9,0.059524109145919955,Mensual,Estimado,2007-09-01
2007,Riego,783.58,470.68,0.0,296.3451040987795,2842411.264706037,0.6296105721483375,9591.558036196164,10,0.0888548387779835,Mensual,Estimado,2007-10-01
2007,Temporal,1384.0,555.0799999999999,0.0,610.661099340406,6167713.474289258,1.1001316915406898,10100.05955996083,10,0.0888548387779835,Mensual,Estimado,2007-10-01
2007,Riego,783.58,470.68,0.0,328.327796911848,3149175.118976418,0.6975605441315713,9591.558036196164,11,0.09844439154698666,Mensual,Estimado,2007-11-01
2007,Temporal,1384.0,555.0799999999999,0.0,676.5659720140741,6833356.61358494,1.2188620955791492,10100.05955996083,11,0.09844439154698666,Mensual,Estimado,2007-11-01
2007,Riego,783.58,470.68,0.0,262.6241307319059,2518974.591620644,0.5579674741478412,9591.558036196164,12,0.07874408745964388,Mensual,Estimado,2007-12-01
2007,Temporal,1384.0,555.0799999999999,0.0,541.1742531525248,5465892.189157819,0.9749482113434548,10100.059559960828,12,0.07874408745964388,Mensual,Estimado,2007-12-01
2008,Riego,861.38,481.88,0.0,378.4838300867105,4111338.883273702,0.785431705168736,10862.653980043999,1,0.09080335736947161,Mensual,Estimado,2008-01-01
2008,Temporal,1367.5,748.25,0.0,636.4770531455742,7246909.9387378,0.8506208528507507,11385.972051816134,1,0.09080335736947161,Mensual,Estimado,2008-01-01
2008,Riego,861.38,481.88,0.0,329.03452780415245,3574188.223023675,0.6828142438037529,10862.653980044,2,0.07893980519128357,Mensual,Estimado,2008-02-01
2008,Temporal,1367.5,748.25,0.0,553.320670507783,6300093.690093781,0.7394863621888179,11385.972051816134,2,0.07893980519128357,Mensual,Estimado,2008-02-01
2008,Riego,861.38,481.88,0.0,385.8191229876532,4191019.6318989163,0.8006539449399295,10862.653980043999,3,0.09256319271710443,Mensual,Estimado,2008-03-01
2008,Temporal,1367.5,748.25,0.0,648.8124430312718,7387360.343224607,0.8671065058887695,11385.972051816134,3,0.09256319271710443,Mensual,Estimado,2008-03-01
2008,Riego,861.38,481.88,0.0,374.70976968644106,4070342.5710457894,0.7775997544750582,10862.653980043999,4,0.08989790955897697,Mensual,Estimado,2008-04-01
2008,Temporal,1367.5,748.25,0.0,630.1304072626932,7174647.206092542,0.8421388670400176,11385.972051816132,4,0.08989790955897697,Mensual,Estimado,2008-04-01
2008,Riego,861.38,481.88,0.0,337.8863661266113,3670342.679807838,0.7011836268917807,10862.653980044,5,0.08106348016674254,Mensual,Estimado,2008-05-01
2008,Temporal,1367.5,748.25,0.0,568.2063578807652,6469581.710494628,0.7593803646919681,11385.972051816134,5,0.08106348016674254,Mensual,Estimado,2008-05-01
2008,Riego,861.38,481.88,0.0,249.871862818981,2714271.5851516123,0.5185354503589711,10862.653980044,6,0.0599476179759897,Mensual,Estimado,2008-06-01
2008,Temporal,1367.5,748.25,0.0,420.1968334409022,4784349.401819751,0.5615727810770493,11385.972051816132,6,0.0599476179759897,Mensual,Estimado,2008-06-01
2008,Riego,861.38,481.88,0.0,183.2765128955164,1990869.3422530666,0.3803364175635353,10862.653980044,7,0.043970498539051044,Mensual,Estimado,2008-07-01
2008,Temporal,1367.5,748.25,0.0,308.20681245962436,3509234.1528446195,0.4119035248374532,11385.972051816134,7,0.043970498539051044,Mensual,Estimado,2008-07-01
2008,Riego,861.38,481.88,0.0,288.0908941286255,3129431.6977207484,0.5978477922483305,10862.653980043999,8,0.06911687722156858,Mensual,Estimado,2008-08-01
2008,Temporal,1367.5,748.25,0.0,484.46783919686277,5516137.277099232,0.6474678773095393,11385.972051816134,8,0.06911687722156858,Mensual,Estimado,2008-08-01
2008,Riego,861.38,481.88,0.0,330.691364741579,3592185.8693762943,0.6862525208383394,10862.653980043999,9,0.07933730263918673,Mensual,Estimado,2008-09-01
2008,Temporal,1367.5,748.25,0.0,556.1068891191154,6331817.497332661,0.7432100088461282,11385.972051816134,9,0.07933730263918673,Mensual,Estimado,2008-09-01
2008,Riego,861.38,481.88,0.0,411.1648213679321,4466341.183286448,0.8532514762346064,10862.653980044,10,0.09864396638523192,Mensual,Estimado,2008-10-01
2008,Temporal,1367.5,748.25,0.0,691.4350179806446,7872659.790374604,0.9240695195197388,11385.972051816132,10,0.09864396638523192,Mensual,Estimado,2008-10-01
2008,Riego,861.38,481.88,0.0,439.99939360688876,4779561.164180816,0.9130891375589125,10862.653980043999,11,0.10556176777983833,Mensual,Estimado,2008-11-01
2008,Temporal,1367.5,748.25,0.0,739.9246550759988,8424761.443145014,0.9888735784510508,11385.972051816134,11,0.10556176777983833,Mensual,Estimado,2008-11-01
2008,Riego,861.38,481.88,0.0,459.14153374890896,4987495.608981092,0.9528130110170768,10862.653980044,12,0.11015422445555459,Mensual,Estimado,2008-12-01
2008,Temporal,1367.5,748.25,0.0,772.1150208987643,8791280.04874076,1.0318944482442558,11385.972051816132,12,0.11015422445555459,Mensual,Estimado,2008-12-01
2009,Riego,1719.38,645.83,0.0,759.3996617698799,9711719.55292664,1.175850706486041,12788.68037719718,1,0.12067888845856727,Mensual,Estimado,2009-01-01
2009,Temporal,3683.5,1342.0,0.0,1096.8142135333803,13103387.938415524,0.8172982217089272,11946.770726286486,1,0.12067888845856727,Mensual,Estimado,2009-01-01
2009,Riego,1719.38,645.83,0.0,578.287738874533,7395537.058518467,0.8954178946077652,12788.680377197179,2,0.09189775167129895,Mensual,Estimado,2009-02-01
2009,Temporal,3683.5,1342.0,0.0,835.2310956149348,9978314.402776692,0.6223778655848993,11946.770726286486,2,0.09189775167129895,Mensual,Estimado,2009-02-01
2009,Riego,1719.38,645.83,0.0,751.9832521631001,9616873.460919159,1.1643671742766675,12788.68037719718,3,0.11950032055452883,Mensual,Estimado,2009-03-01
2009,Temporal,3683.5,1342.0,0.0,1086.1025634239463,12975418.310457913,0.8093163661877394,11946.770726286486,3,0.11950032055452883,Mensual,Estimado,2009-03-01
2009,Riego,1719.38,645.83,0.0,701.6451302694005,8973115.30923224,1.0864238735726126,12788.680377197179,4,0.11150091141196278,Mensual,Estimado,2009-04-01
2009,Temporal,3683.5,1342.0,0.0,1013.3983335499062,12106837.545321528,0.7551403379656528,11946.770726286486,4,0.11150091141196278,Mensual,Estimado,2009-04-01
2009,Riego,1719.38,645.83,0.0,522.2648180012666,6679077.829673254,0.8086722790846919,12788.680377197179,5,0.08299495099921125,Mensual,Estimado,2009-05-01
2009,Temporal,3683.5,1342.0,0.0,754.3162111465314,9011642.829688717,0.5620836148632872,11946.770726286486,5,0.08299495099921125,Mensual,Estimado,2009-05-01
2009,Riego,1719.38,645.83,0.0,514.0982601011336,6574638.330906578,0.7960272209422504,12788.680377197177,6,0.08169717437441835,Mensual,Estimado,2009-06-01
2009,Temporal,3683.5,1342.0,0.0,742.5211087367761,8870729.445506303,0.5532944178366439,11946.770726286488,6,0.08169717437441835,Mensual,Estimado,2009-06-01
2009,Riego,1719.38,645.83,0.0,299.23393441794514,3826807.145282283,0.4633323543625182,12788.68037719718,7,0.04755232377965449,Mensual,Estimado,2009-07-01
2009,Temporal,3683.5,1342.0,0.0,432.1888051361458,5163260.56542924,0.32204828996732177,11946.770726286484,7,0.04755232377965449,Mensual,Estimado,2009-07-01
2009,Riego,1719.38,645.83,0.0,309.8083354126691,3962039.779784124,0.4797057049264808,12788.68037719718,8,0.04923273927415751,Mensual,Estimado,2009-08-01
2009,Temporal,3683.5,1342.0,0.0,447.4615974410354,5345721.11344595,0.33342891016470594,11946.770726286486,8,0.04923273927415751,Mensual,Estimado,2009-08-01
2009,Riego,1719.38,645.83,0.0,391.22382311608754,5003236.429776769,0.6057690462135353,12788.680377197179,9,0.06217076262863456,Mensual,Estimado,2009-09-01
2009,Temporal,3683.5,1342.0,0.0,565.051410302871,6750539.647453233,0.4210517215371617,11946.770726286486,9,0.06217076262863456,Mensual,Estimado,2009-09-01
2009,Riego,1719.38,645.83,0.0,517.5465767766602,6618737.750709248,0.8013665775461967,12788.680377197179,10,0.08224515858405815,Mensual,Estimado,2009-10-01
2009,Temporal,3683.5,1342.0,0.0,747.5015728229293,8930229.908054078,0.5570056429380994,11946.770726286486,10,0.08224515858405815,Mensual,Estimado,2009-10-01
2009,Riego,1719.38,645.83,0.0,458.9617430044473,5869515.036645191,0.7106541086732535,12788.68037719718,11,0.07293523526425691,Mensual,Estimado,2009-11-01
2009,Temporal,3683.5,1342.0,0.0,662.8864727462518,7919352.7074562255,0.49395415256799685,11946.770726286486,11,0.07293523526425691,Mensual,Estimado,2009-11-01
2009,Riego,1719.38,645.83,0.0,488.27672609287646,6244414.985626051,0.7560452845065674,12788.680377197179,12,0.07759378299925096,Mensual,Estimado,2009-12-01
2009,Temporal,3683.5,1342.0,0.0,705.2266155452922,8425180.685994592,0.5255041844599794,11946.770726286486,12,0.07759378299925096,Mensual,Estimado,2009-12-01
2010,Riego,3000.23,908.33,0.0,1074.2850553784624,13954091.487843202,1.1827034837321924,12989.188873084791,1,0.11463087824911648,Mensual,Estimado,2010-01-01
2010,Temporal,5468.25,3317.5,0.0,2363.125871884579,28545781.33928759,0.7123212876818625,12079.670270175875,1,0.11463087824911648,Mensual,Estimado,2010-01-01
2010,Riego,3000.23,908.33,0.0,773.5405803565019,10047664.699246224,0.8516074338142545,12989.188873084788,2,0.08254013740920814,Mensual,Estimado,2010-02-01
2010,Temporal,5468.25,3317.5,0.0,1701.5723613031926,20554433.06538714,0.5129080214930497,12079.670270175877,2,0.08254013740920814,Mensual,Estimado,2010-02-01
2010,Riego,3000.23,908.33,0.0,1231.500623699563,15996194.198555341,1.3557854785150363,12989.18887308479,3,0.13140646176938875,Mensual,Estimado,2010-03-01
2010,Temporal,5468.25,3317.5,0.0,2708.9560359575084,32723295.690769404,0.8165654968975158,12079.670270175875,3,0.13140646176938875,Mensual,Estimado,2010-03-01
2010,Riego,3000.23,908.33,0.0,945.791492083782,12285064.325232923,1.0412421609809013,12989.18887308479,4,0.10092005733051157,Mensual,Estimado,2010-04-01
2010,Temporal,5468.25,3317.5,0.0,2080.476064673656,25131464.86625086,0.6271216472264223,12079.670270175875,4,0.10092005733051157,Mensual,Estimado,2010-04-01
2010,Riego,3000.23,908.33,0.0,738.8838553017645,9597501.951787671,0.8134531010775428,12989.18887308479,5,0.07884211442138658,Mensual,Estimado,2010-05-01
2010,Temporal,5468.25,3317.5,0.0,1625.3372845871822,19633538.475636173,0.4899283450149758,12079.670270175877,5,0.07884211442138658,Mensual,Estimado,2010-05-01
2010,Riego,3000.23,908.33,0.0,593.8895096968635,7714143.011196281,0.6538257127881535,12989.188873084791,6,0.06337058841008009,Mensual,Estimado,2010-06-01
2010,Temporal,5468.25,3317.5,0.0,1306.3903834267578,15780765.07592387,0.3937876061572744,12079.670270175875,6,0.06337058841008009,Mensual,Estimado,2010-06-01
2010,Riego,3000.23,908.33,0.0,488.6364823921671,6346991.5600716295,0.5379503951120926,12989.188873084791,7,0.05213963355511835,Mensual,Estimado,2010-07-01
2010,Temporal,5468.25,3317.5,0.0,1074.8632383057848,12983993.504267355,0.3239979618103345,12079.670270175875,7,0.05213963355511835,Mensual,Estimado,2010-07-01
2010,Riego,3000.23,908.33,0.0,353.2559361679561,4588508.075423966,0.38890704498140116,12989.18887308479,8,0.037693941665586046,Mensual,Estimado,2010-08-01
2010,Temporal,5468.25,3317.5,0.0,777.0639998908063,9386676.897504922,0.23423180102209684,12079.670270175875,8,0.037693941665586046,Mensual,Estimado,2010-08-01
2010,Riego,3000.23,908.33,0.0,499.12378106730785,6483213.063331484,0.5494960873991918,12989.18887308479,9,0.053258673842957654,Mensual,Estimado,2010-09-01
2010,Temporal,5468.25,3317.5,0.0,1097.932354553218,13262660.821960704,0.33095172706954573,12079.670270175875,9,0.053258673842957654,Mensual,Estimado,2010-09-01
2010,Riego,3000.23,908.33,0.0,680.4231234209815,8838144.463729411,0.7490924261237452,12989.18887308479,10,0.07260410058601825,Mensual,Estimado,2010-10-01
2010,Temporal,5468.25,3317.5,0.0,1496.740067949819,18080126.500994448,0.4511650543933139,12079.670270175875,10,0.07260410058601825,Mensual,Estimado,2010-10-01
2010,Riego,3000.23,908.33,0.0,863.2436823868312,11212835.23401977,0.950363504879098,12989.188873084791,11,0.09211184774430559,Mensual,Estimado,2010-11-01
2010,Temporal,5468.25,3317.5,0.0,1898.8940313151566,22938013.776292115,0.5723870478719387,12079.670270175877,11,0.09211184774430559,Mensual,Estimado,2010-11-01
2010,Riego,3000.23,908.33,0.0,1129.1158780478193,14666299.399562096,1.243067913696365,12989.18887308479,12,0.12048156501632248,Mensual,Estimado,2010-12-01
2010,Temporal,5468.25,3317.5,0.0,2483.7383061523396,30002739.775725402,0.7486777109728228,12079.670270175875,12,0.12048156501632248,Mensual,Estimado,2010-12-01
2011,Riego,5087.35,1907.25,0.0,2021.711921520689,24642379.108831156,1.0600141153601725,12188.86768511296,1,0.12388221556007636,Mensual,Estimado,2011-01-01
2011,Temporal,5780.629999999999,4022.1,0.0,2653.7936723285557,22843508.79237623,0.6598030064713846,8607.869191402635,1,0.12388221556007636,Mensual,Estimado,2011-01-01
2011,Riego,5087.35,1907.25,0.0,1385.7530686202667,16890760.79765169,0.7265712772946739,12188.867685112958,2,0.08491326510590416,Mensual,Estimado,2011-02-01
2011,Temporal,5780.629999999999,4022.1,0.0,1819.0043229048194,15657751.270160604,0.45225238629194187,8607.869191402635,2,0.08491326510590416,Mensual,Estimado,2011-02-01
2011,Riego,5087.35,1907.25,0.0,1609.4628234900058,19617529.399627995,0.8438656827841163,12188.86768511296,3,0.09862128145613631,Mensual,Estimado,2011-03-01
2011,Temporal,5780.629999999999,4022.1,0.0,2112.6562154380213,18185468.348894227,0.5252619814122029,8607.869191402633,3,0.09862128145613631,Mensual,Estimado,2011-03-01
2011,Riego,5087.35,1907.25,0.0,1451.3000479809511,17689704.256237905,0.7609385492100936,12188.86768511296,4,0.08892971519458169,Mensual,Estimado,2011-04-01
2011,Temporal,5780.629999999999,4022.1,0.0,1905.0443552239615,16398372.613587834,0.4736442045757096,8607.869191402635,4,0.08892971519458169,Mensual,Estimado,2011-04-01
2011,Riego,5087.35,1907.25,0.0,1150.9958843358368,14029336.540279094,0.6034845375990755,12188.867685112958,5,0.07052830758637522,Mensual,Estimado,2011-05-01
2011,Temporal,5780.629999999999,4022.1,0.0,1510.8510575676473,13005208.271234639,0.3756373679340761,8607.869191402635,5,0.07052830758637522,Mensual,Estimado,2011-05-01
2011,Riego,5087.35,1907.25,0.0,950.0186017401735,11579651.035007,0.4981091108874943,12188.86768511296,6,0.058213243911790495,Mensual,Estimado,2011-06-01
2011,Temporal,5780.629999999999,4022.1,0.0,1247.038871886424,10734347.485792646,0.31004670989941174,8607.869191402635,6,0.058213243911790495,Mensual,Estimado,2011-06-01
2011,Riego,5087.35,1907.25,0.0,502.98526234553987,6130820.810291615,0.2637227748567518,12188.86768511296,7,0.030820874146383213,Mensual,Estimado,2011-07-01
2011,Temporal,5780.629999999999,4022.1,0.0,660.241992085148,5683276.7025400475,0.16415354965941872,8607.869191402635,7,0.030820874146383213,Mensual,Estimado,2011-07-01
2011,Riego,5087.35,1907.25,0.0,825.7839125387632,10065370.846429877,0.4329709857327373,12188.86768511296,8,0.05060065164092343,Mensual,Estimado,2011-08-01
2011,Temporal,5780.629999999999,4022.1,0.0,1083.962605393214,9330608.315596778,0.2695016547060526,8607.869191402633,8,0.05060065164092343,Mensual,Estimado,2011-08-01
2011,Riego,5087.35,1907.25,0.0,1084.1134013312608,13214114.804484503,0.5684170409391851,12188.867685112962,9,0.06643002331126753,Mensual,Estimado,2011-09-01
2011,Temporal,5780.629999999999,4022.1,0.0,1423.057980671875,12249496.94940508,0.3538096965942853,8607.869191402635,9,0.06643002331126753,Mensual,Estimado,2011-09-01
2011,Riego,5087.35,1907.25,0.0,1679.7465426138576,20474208.35244627,0.8807164989455276,12188.86768511296,10,0.10292797953224783,Mensual,Estimado,2011-10-01
2011,Temporal,5780.629999999999,4022.1,0.0,2204.9139140216553,18979610.550202005,0.5481996752993847,8607.869191402635,10,0.10292797953224783,Mensual,Estimado,2011-10-01
2011,Riego,5087.35,1907.25,0.0,1749.5266591759016,21324748.960272785,0.9173032686726447,12188.867685112962,11,0.10720381890863345,Mensual,Estimado,2011-11-01
2011,Temporal,5780.629999999999,4022.1,0.0,2296.510560317044,19768062.499883886,0.5709730141759389,8607.869191402635,11,0.10720381890863345,Mensual,Estimado,2011-11-01
2011,Riego,5087.35,1907.25,0.0,1908.231874306753,23259185.82844012,1.0005148115384732,12188.86768511296,12,0.11692862364568027,Mensual,Estimado,2011-12-01
2011,Temporal,5780.629999999999,4022.1,0.0,2504.8344521616345,21561287.310326032,0.6227678208303211,8607.869191402635,12,0.11692862364568027,Mensual,Estimado,2011-12-01
2012,Riego,5479.009999999999,2210.75,0.0,1657.1484114443945,23024690.090206116,0.7495865255883273,13894.162967659284,1,0.10820165699192343,Mensual,Estimado,2012-01-01
2012,Temporal,5564.1,3522.85,0.0,2762.4521419814305,30506714.637689434,0.7841526440187435,11043.345936776233,1,0.10820165699192343,Mensual,Estimado,2012-01-01
2012,Riego,5479.009999999999,2210.75,0.0,1109.7235027358643,15418679.196053792,0.5019669807693607,13894.162967659284,2,0.07245815822509441,Mensual,Estimado,2012-02-01
2012,Temporal,5564.1,3522.85,0.0,1849.8995298000132,20429080.45586124,0.525114475438924,11043.345936776233,2,0.07245815822509441,Mensual,Estimado,2012-02-01
2012,Riego,5479.009999999999,2210.75,0.0,1411.1343611080931,19606530.782499615,0.6383057157562334,13894.162967659287,3,0.09213844400155485,Mensual,Estimado,2012-03-01
2012,Temporal,5564.1,3522.85,0.0,2352.348837041656,25977801.971424278,0.6677402776279593,11043.345936776235,3,0.09213844400155485,Mensual,Estimado,2012-03-01
2012,Riego,5479.009999999999,2210.75,0.0,1344.576749799951,18681768.48424616,0.6081993666402582,13894.162967659284,4,0.08779263901557395,Mensual,Estimado,2012-04-01
2012,Temporal,5564.1,3522.85,0.0,2241.3978717246223,24752532.079409007,0.6362456169648502,11043.345936776235,4,0.08779263901557395,Mensual,Estimado,2012-04-01
2012,Riego,5479.009999999999,2210.75,0.0,1020.995762971457,14185881.520015053,0.4618323025993247,13894.162967659284,5,0.06666477943212974,Mensual,Estimado,2012-05-01
2012,Temporal,5564.1,3522.85,0.0,1701.9911511221374,18795677.06317376,0.48312904356476644,11043.345936776233,5,0.06666477943212974,Mensual,Estimado,2012-05-01
2012,Riego,5479.009999999999,2210.75,0.0,893.8420872792186,12419187.628010197,0.4043162217705388,13894.162967659284,6,0.05836242201652448,Mensual,Estimado,2012-06-01
2012,Temporal,5564.1,3522.85,0.0,1490.0270679108598,16454884.3661,0.42296069032483924,11043.345936776235,6,0.05836242201652448,Mensual,Estimado,2012-06-01
2012,Riego,5479.009999999999,2210.75,0.0,589.7024218100879,8193421.551052719,0.26674315133329773,13894.162967659286,7,0.038503961824630284,Mensual,Estimado,2012-07-01
2012,Temporal,5564.1,3522.85,0.0,983.0288627202876,10855927.796855852,0.27904363305854285,11043.345936776235,7,0.038503961824630284,Mensual,Estimado,2012-07-01
2012,Riego,5479.009999999999,2210.75,0.0,979.5611086084697,13610181.679787075,0.44308995074453,13894.162967659286,8,0.06395934989546251,Mensual,Estimado,2012-08-01
2012,Temporal,5564.1,3522.85,0.0,1632.919938847596,18032899.771753497,0.4635224147629323,11043.345936776235,8,0.06395934989546251,Mensual,Estimado,2012-08-01
2012,Riego,5479.009999999999,2210.75,0.0,1052.43581069832,14622714.666843075,0.4760537422586543,13894.162967659286,9,0.06871762227738017,Mensual,Estimado,2012-09-01
2012,Temporal,5564.1,3522.85,0.0,1754.4014401386594,19374462.01542964,0.4980062847236355,11043.345936776235,9,0.06871762227738017,Mensual,Estimado,2012-09-01
2012,Riego,5479.009999999999,2210.75,0.0,1696.8975258713658,23576970.763874594,0.7675664484321456,13894.162967659286,10,0.11079703107867232,Mensual,Estimado,2012-10-01
2012,Temporal,5564.1,3522.85,0.0,2828.713573686841,31238462.550278354,0.8029616854781898,11043.345936776233,10,0.11079703107867232,Mensual,Estimado,2012-10-01
2012,Riego,5479.009999999999,2210.75,0.0,1677.7683928268489,23311187.47192404,0.758913668586158,13894.162967659286,11,0.1095480156748971,Mensual,Estimado,2012-11-01
2012,Temporal,5564.1,3522.85,0.0,2796.825473509371,30886311.22875198,0.7939098949740611,11043.345936776233,11,0.1095480156748971,Mensual,Estimado,2012-11-01
2012,Riego,5479.009999999999,2210.75,0.0,1881.5838648459305,26143032.85548756,0.8511065768838315,13894.162967659284,12,0.12285591956615677,Mensual,Estimado,2012-12-01
2012,Temporal,5564.1,3522.85,0.0,3136.5841115165263,34638383.40327293,0.8903541483504908,11043.345936776235,12,0.12285591956615677,Mensual,Estimado,2012-12-01
2013,Riego,10336.490000000002,6834.470000000001,0.0,9539.799651086963,102969865.16175225,1.3958360562102052,10793.713592299591,1,0.13773129346819393,Mensual,Estimado,2013-01-01
2013,Temporal,3097.61,2055.67,0.0,2493.47769575764,18828487.90542231,1.2129756701015435,7551.095378738208,1,0.13773129346819393,Mensual,Estimado,2013-01-01
2013,Riego,10336.490000000002,6834.470000000001,0.0,6484.22046889046,69988818.61053018,0.9487524956420116,10793.71359229959,2,0.09361622937348214,Mensual,Estimado,2013-02-01
2013,Temporal,3097.61,2055.67,0.0,1694.8216634414646,12797760.030598246,0.8244619337935878,7551.095378738208,2,0.09361622937348214,Mensual,Estimado,2013-02-01
2013,Riego,10336.490000000002,6834.470000000001,0.0,7589.784075701156,81921955.54051456,1.1105153838850934,10793.713592299591,3,0.10957785447533103,Mensual,Estimado,2013-03-01
2013,Temporal,3097.61,2055.67,0.0,1983.7898069715798,14979786.043811055,0.9650332042456132,7551.095378738207,3,0.10957785447533103,Mensual,Estimado,2013-03-01
2013,Riego,10336.490000000002,6834.470000000001,0.0,6173.986867512437,66640245.97054817,0.9033600070689367,10793.713592299591,4,0.08913721757471521,Mensual,Estimado,2013-04-01
2013,Temporal,3097.61,2055.67,0.0,1613.733947367414,12185458.952479046,0.7850160518796373,7551.095378738208,4,0.08913721757471521,Mensual,Estimado,2013-04-01
2013,Riego,10336.490000000002,6834.470000000001,0.0,5996.7283619781565,64726968.430012085,0.8774240521910486,10793.71359229959,5,0.08657803979966688,Mensual,Estimado,2013-05-01
2013,Temporal,3097.61,2055.67,0.0,1567.4027720703832,11835607.828802127,0.762477816026105,7551.095378738208,5,0.08657803979966688,Mensual,Estimado,2013-05-01
2013,Riego,10336.490000000002,6834.470000000001,0.0,4069.572781090352,43925803.04210737,0.5954481885340562,10793.71359229959,6,0.05875464302215878,Mensual,Estimado,2013-06-01
2013,Temporal,3097.61,2055.67,0.0,1063.689944448151,8032024.223932733,0.517441974854014,7551.095378738207,6,0.05875464302215878,Mensual,Estimado,2013-06-01
2013,Riego,10336.490000000002,6834.470000000001,0.0,2697.8831636551354,29120178.173980657,0.3947465075792468,10793.713592299591,7,0.03895081147893361,Mensual,Estimado,2013-07-01
2013,Temporal,3097.61,2055.67,0.0,705.1627644578106,5324751.291955632,0.3430330570849458,7551.095378738207,7,0.03895081147893361,Mensual,Estimado,2013-07-01
2013,Riego,10336.490000000002,6834.470000000001,0.0,2772.933664474865,29930251.784787465,0.405727681074738,10793.713592299591,8,0.04003435651461571,Mensual,Estimado,2013-08-01
2013,Temporal,3097.61,2055.67,0.0,724.7791879356469,5472876.776626494,0.35257565072976055,7551.095378738208,8,0.04003435651461571,Mensual,Estimado,2013-08-01
2013,Riego,10336.490000000002,6834.470000000001,0.0,3970.945558652945,42861249.050713986,0.5810173369190214,10793.713592299591,9,0.05733070799057438,Mensual,Estimado,2013-09-01
2013,Temporal,3097.61,2055.67,0.0,1037.9111243117993,7837365.8943318045,0.5049016254125416,7551.095378738207,9,0.05733070799057438,Mensual,Estimado,2013-09-01
2013,Riego,10336.490000000002,6834.470000000001,0.0,6770.201383263055,73075614.69313192,0.9905964007835361,10793.713592299591,10,0.09774509189516689,Mensual,Estimado,2013-10-01
2013,Temporal,3097.61,2055.67,0.0,1769.5703015136687,13362194.126112241,0.8608241116101654,7551.095378738208,10,0.09774509189516689,Mensual,Estimado,2013-10-01
2013,Riego,10336.490000000002,6834.470000000001,0.0,6501.821248863099,70178796.38855593,0.951327791162021,10793.713592299591,11,0.09387034143876062,Mensual,Estimado,2013-11-01
2013,Temporal,3097.61,2055.67,0.0,1699.4220904834217,12832498.293974988,0.8266998547838036,7551.095378738207,11,0.09387034143876062,Mensual,Estimado,2013-11-01
2013,Riego,10336.490000000002,6834.470000000001,0.0,6695.972774831366,72274412.35336533,0.9797354842191662,10793.713592299591,12,0.09667341296840079,Mensual,Estimado,2013-12-01
2013,Temporal,3097.61,2055.67,0.0,1750.1687012410202,13215690.791953318,0.851386020733396,7551.095378738207,12,0.09667341296840079,Mensual,Estimado,2013-12-01
2014,Riego,11410.39,8335.179999999998,0.0,9098.111199414052,122499778.53736238,1.0915314605580269,13464.308783701365,1,0.11347739222478642,Mensual,Estimado,2014-01-01
2014,Temporal,3565.61,2491.9300000000003,0.0,2278.0348186602205,35638446.789890595,0.9141648516050692,15644.381946212137,1,0.11347739222478642,Mensual,Estimado,2014-01-01
2014,Riego,11410.39,8335.179999999998,0.0,6406.534965350606,86259565.00706008,0.7686138710082575,13464.308783701363,2,0.07990635255279362,Mensual,Estimado,2014-02-01
2014,Temporal,3565.61,2491.9300000000003,0.0,1604.103247163296,25095203.879781734,0.6437192245220755,15644.38194621214,2,0.07990635255279362,Mensual,Estimado,2014-02-01
2014,Riego,11410.39,8335.179999999998,0.0,7207.989064823028,97050590.47832008,0.864767055399287,13464.308783701365,3,0.0899025945422136,Mensual,Estimado,2014-03-01
2014,Temporal,3565.61,2491.9300000000003,0.0,1804.775705890084,28234600.470189102,0.7242481554016701,15644.38194621214,3,0.0899025945422136,Mensual,Estimado,2014-03-01
2014,Riego,11410.39,8335.179999999998,0.0,6082.547063627536,81897291.85607718,0.7297439363790028,13464.308783701366,4,0.07586537070567329,Mensual,Estimado,2014-04-01
2014,Temporal,3565.61,2491.9300000000003,0.0,1522.981385188543,23826102.4868608,0.61116539597362,15644.381946212141,4,0.07586537070567329,Mensual,Estimado,2014-04-01
2014,Riego,11410.39,8335.179999999998,0.0,5471.434994535875,73669090.25638041,0.6564267351797893,13464.308783701363,5,0.06824319480150524,Mensual,Estimado,2014-05-01
2014,Temporal,3565.61,2491.9300000000003,0.0,1369.9678045693095,21432299.588695984,0.5497617527656512,15644.38194621214,5,0.06824319480150524,Mensual,Estimado,2014-05-01
2014,Riego,11410.39,8335.179999999998,0.0,4958.848184702672,66767463.17033376,0.5949299456883562,13464.308783701365,6,0.06184988819161895,Mensual,Estimado,2014-06-01
2014,Temporal,3565.61,2491.9300000000003,0.0,1241.6235169702302,19424432.53288149,0.49825778291132977,15644.38194621214,6,0.06184988819161895,Mensual,Estimado,2014-06-01
2014,Riego,11410.39,8335.179999999998,0.0,3981.302271677753,53605483.14712097,0.4776504252670913,13464.308783701365,7,0.04965731782633149,Mensual,Estimado,2014-07-01
2014,Temporal,3565.61,2491.9300000000003,0.0,996.8602273268611,15595262.143289275,0.40003540521879066,15644.38194621214,7,0.04965731782633149,Mensual,Estimado,2014-07-01
2014,Riego,11410.39,8335.179999999998,0.0,4668.482679748086,62857892.35148985,0.5600938047826306,13464.308783701366,8,0.058228266123908703,Mensual,Estimado,2014-08-01
2014,Temporal,3565.61,2491.9300000000003,0.0,1168.9202145015813,18287034.30031096,0.4690822834114847,15644.381946212137,8,0.058228266123908703,Mensual,Estimado,2014-08-01
2014,Riego,11410.39,8335.179999999998,0.0,7659.644164523099,103131814.20441526,0.9189536596118021,13464.308783701365,9,0.09553592235890272,Mensual,Estimado,2014-09-01
2014,Temporal,3565.61,2491.9300000000003,0.0,1917.863578811277,30003790.347652942,0.7696297965076373,15644.38194621214,9,0.09553592235890272,Mensual,Estimado,2014-09-01
2014,Riego,11410.39,8335.179999999998,0.0,8821.704860520651,118778158.24072923,1.0583700484597396,13464.308783701365,10,0.11002987769737069,Mensual,Estimado,2014-10-01
2014,Temporal,3565.61,2491.9300000000003,0.0,2208.8266885004,34555728.36788721,0.8863919486102738,15644.381946212141,10,0.11002987769737069,Mensual,Estimado,2014-10-01
2014,Riego,11410.39,8335.179999999998,0.0,7741.060677369374,104228031.2734697,0.9287214766051094,13464.308783701365,11,0.0965514005564462,Mensual,Estimado,2014-11-01
2014,Temporal,3565.61,2491.9300000000003,0.0,1938.2490903765408,30322709.076748855,0.7778104081481184,15644.38194621214,11,0.0965514005564462,Mensual,Estimado,2014-11-01
2014,Riego,11410.39,8335.179999999998,0.0,8077.87987370726,108763068.93724114,0.9691308254539508,13464.308783701365,12,0.10075242241844908,Mensual,Estimado,2014-12-01
2014,Temporal,3565.61,2491.9300000000003,0.0,2022.5837220416574,31642072.265811056,0.8116535063351126,15644.38194621214,12,0.10075242241844908,Mensual,Estimado,2014-12-01
2015,Riego,12230.84,9582.05,0.0,9583.915093807815,143521358.85161066,1.0001946445497378,14975.232715108263,1,0.10297213360503235,Mensual,Estimado,2015-01-01
2015,Temporal,4810.01,3480.6000000000004,0.0,2736.433994208268,43105096.26278328,0.7861960564868895,15752.2879609069,1,0.10297213360503235,Mensual,Estimado,2015-01-01
2015,Riego,12230.84,9582.05,0.0,6825.942769357764,102220081.47114308,0.7123676843011427,14975.232715108263,2,0.07333974518208591,Mensual,Estimado,2015-02-01
2015,Temporal,4810.01,3480.6000000000004,0.0,1948.9677917387937,30700701.88200231,0.5599516726250627,15752.2879609069,2,0.07333974518208591,Mensual,Estimado,2015-02-01
2015,Riego,12230.84,9582.05,0.0,7579.511214516113,113504944.30415167,0.7910114447864615,14975.232715108265,3,0.08143628504662596,Mensual,Estimado,2015-03-01
2015,Temporal,4810.01,3480.6000000000004,0.0,2164.129371334412,34089989.04191608,0.6217690545694454,15752.2879609069,3,0.08143628504662596,Mensual,Estimado,2015-03-01
2015,Riego,12230.84,9582.05,0.0,6786.557542827887,101630278.53832093,0.7082573711082584,14975.232715108265,4,0.0729165798296592,Mensual,Estimado,2015-04-01
2015,Temporal,4810.01,3480.6000000000004,0.0,1937.7223798490766,30523560.915676475,0.556720789475687,15752.287960906899,4,0.0729165798296592,Mensual,Estimado,2015-04-01
2015,Riego,12230.84,9582.05,0.0,7028.5140321529625,105253633.27289453,0.7335083862172461,14975.232715108263,5,0.07551622472441455,Mensual,Estimado,2015-05-01
2015,Temporal,4810.01,3480.6000000000004,0.0,2006.8066691012016,31611796.533550534,0.5765691745966791,15752.2879609069,5,0.07551622472441455,Mensual,Estimado,2015-05-01
2015,Riego,12230.84,9582.05,0.0,5937.369142473672,88913484.62404601,0.6196345398399792,14975.23271510826,6,0.06379267372644101,Mensual,Estimado,2015-06-01
2015,Temporal,4810.01,3480.6000000000004,0.0,1695.2590458700438,26704208.65887721,0.48705942822215814,15752.2879609069,6,0.06379267372644101,Mensual,Estimado,2015-06-01
2015,Riego,12230.84,9582.05,0.0,6805.565711987917,101914930.29498053,0.7102410978848908,14975.232715108265,7,0.07312080865631046,Mensual,Estimado,2015-07-01
2015,Temporal,4810.01,3480.6000000000004,0.0,1943.1496608452087,30609053.008772306,0.5582800841364157,15752.2879609069,7,0.07312080865631046,Mensual,Estimado,2015-07-01
2015,Riego,12230.84,9582.05,0.0,7073.465561425404,105926792.88464935,0.7381996087920022,14975.232715108263,8,0.07599919591444346,Mensual,Estimado,2015-08-01
2015,Temporal,4810.01,3480.6000000000004,0.0,2019.6413918203366,31813972.781720746,0.5802566775327059,15752.287960906902,8,0.07599919591444346,Mensual,Estimado,2015-08-01
2015,Riego,12230.84,9582.05,0.0,8841.2154543519,132399258.91333133,0.9226851722076069,14975.232715108263,9,0.09499237108064645,Mensual,Estimado,2015-09-01
2015,Temporal,4810.01,3480.6000000000004,0.0,2524.37571520635,39764693.18745073,0.7252702738626529,15752.287960906899,9,0.09499237108064645,Mensual,Estimado,2015-09-01
2015,Riego,12230.84,9582.05,0.0,9177.185718186269,137430491.79960734,0.9577476341895804,14975.232715108263,10,0.09860212498145292,Mensual,Estimado,2015-10-01
2015,Temporal,4810.01,3480.6000000000004,0.0,2620.3031563408704,41275769.86355464,0.7528308786820864,15752.287960906899,10,0.09860212498145292,Mensual,Estimado,2015-10-01
2015,Riego,12230.84,9582.05,0.0,8980.568876023666,134486108.83251265,0.9372283463375444,14975.232715108263,11,0.09648962131859722,Mensual,Estimado,2015-11-01
2015,Temporal,4810.01,3480.6000000000004,0.0,2564.1644066272747,40391456.112300806,0.7367018349213568,15752.2879609069,11,0.09648962131859722,Mensual,Estimado,2015-11-01
2015,Riego,12230.84,9582.05,0.0,8453.088882888627,126586973.18275172,0.8821795840022363,14975.23271510826,12,0.09082223593429051,Mensual,Estimado,2015-12-01
2015,Temporal,4810.01,3480.6000000000004,0.0,2413.5564170581624,38019035.69139488,0.6934311374642769,15752.287960906899,12,0.09082223593429051,Mensual,Estimado,2015-12-01
2016,Riego,15928.93,10542.0,0.0,14779.929804383473,200525286.4787457,1.4020043449424657,13567.404523076513,1,0.12650441731372222,Mensual,Estimado,2016-01-01
2016,Temporal,3608.62,2693.9,0.0,3374.038530543653,43000753.2212609,1.2524735626948487,12744.594595466064,1,0.12650441731372222,Mensual,Estimado,2016-01-01
2016,Riego,15928.93,10542.0,0.0,10965.558958664154,148774174.21384224,1.0401782355021965,13567.404523076515,2,0.09385644349769905,Mensual,Estimado,2016-02-01
2016,Temporal,3608.62,2693.9,0.0,2503.2743000246155,31903216.115062814,0.9292380192377651,12744.594595466066,2,0.09385644349769905,Mensual,Estimado,2016-02-01
2016,Riego,15928.93,10542.0,0.0,11992.911709305174,162712684.5696843,1.1376315413873244,13567.404523076513,3,0.10264976408958348,Mensual,Estimado,2016-03-01
2016,Temporal,3608.62,2693.9,0.0,2737.803679460149,34892197.97669492,1.0162974421694009,12744.594595466064,3,0.10264976408958348,Mensual,Estimado,2016-03-01
2016,Riego,15928.93,10542.0,0.0,11928.268479069331,161835643.71539623,1.1314995711505722,13567.404523076511,4,0.10209646956907523,Mensual,Estimado,2016-04-01
2016,Temporal,3608.62,2693.9,0.0,2723.046589782372,34704124.851342715,1.0108194772569032,12744.594595466064,4,0.10209646956907523,Mensual,Estimado,2016-04-01
2016,Riego,15928.93,10542.0,0.0,9433.335612226223,127985880.2530168,0.8948335811256141,13567.404523076513,5,0.08074183306307271,Mensual,Estimado,2016-05-01
2016,Temporal,3608.62,2693.9,0.0,2153.4904595934618,27445362.872722566,0.7993950998899223,12744.594595466066,5,0.08074183306307271,Mensual,Estimado,2016-05-01
2016,Riego,15928.93,10542.0,0.0,4515.7168115546965,61266556.69401984,0.4283548483736195,13567.404523076513,6,0.038650936206075966,Mensual,Estimado,2016-06-01
2016,Temporal,3608.62,2693.9,0.0,1030.871101342476,13138034.26679147,0.3826686593201218,12744.594595466064,6,0.038650936206075966,Mensual,Estimado,2016-06-01
2016,Riego,15928.93,10542.0,0.0,6932.426515371902,94055034.86055228,0.6576006939263803,13567.404523076511,7,0.05933604479212223,Mensual,Estimado,2016-07-01
2016,Temporal,3608.62,2693.9,0.0,1582.5700448245777,20169213.6402178,0.5874642877703619,12744.594595466064,7,0.05933604479212223,Mensual,Estimado,2016-07-01
2016,Riego,15928.93,10542.0,0.0,7593.748645847803,103027459.72478165,0.7203328254456274,13567.404523076515,8,0.06499643505647323,Mensual,Estimado,2016-08-01
2016,Temporal,3608.62,2693.9,0.0,1733.5400682860652,22093265.38530246,0.6435057234069806,12744.594595466066,8,0.06499643505647323,Mensual,Estimado,2016-08-01
2016,Riego,15928.93,10542.0,0.0,9725.73767381203,131953017.30593297,0.9225704490430686,13567.404523076513,9,0.08324456162212669,Mensual,Estimado,2016-09-01
2016,Temporal,3608.62,2693.9,0.0,2220.241508837844,28296077.934164207,0.8241736919847967,12744.594595466066,9,0.08324456162212669,Mensual,Estimado,2016-09-01
2016,Riego,15928.93,10542.0,0.0,8678.623986912506,117746402.33411705,0.8232426472123416,13567.404523076513,10,0.07428210316828743,Mensual,Estimado,2016-10-01
2016,Temporal,3608.62,2693.9,0.0,1981.2010010533763,25249603.570556816,0.7354396974844561,12744.594595466064,10,0.07428210316828743,Mensual,Estimado,2016-10-01
2016,Riego,15928.93,10542.0,0.0,8693.875889028131,117953331.05986612,0.8246894222185668,13567.404523076513,11,0.07441264729235295,Mensual,Estimado,2016-11-01
2016,Temporal,3608.62,2693.9,0.0,1984.6827838550062,25293977.480833057,0.7367321666932722,12744.594595466066,11,0.07441264729235295,Mensual,Estimado,2016-11-01
2016,Riego,15928.93,10542.0,0.0,11593.17591382456,157289307.330045,1.0997131392358717,13567.404523076513,12,0.0992283443294088,Mensual,Estimado,2016-12-01
2016,Temporal,3608.62,2693.9,0.0,2646.5499323964045,33729205.965050295,0.9824232274384367,12744.594595466064,12,0.0992283443294088,Mensual,Estimado,2016-12-01
2017,Riego,17287.17,12035.009999999998,0.0,16518.131894678052,266701465.07139727,1.3725067029174096,16145.982292181923,1,0.11654085882037894,Mensual,Estimado,2017-01-01
2017,Temporal,3740.05,2640.4,0.0,3257.4708379632343,58505082.51698881,1.2337035441460513,17960.278211905556,1,0.11654085882037894,Mensual,Estimado,2017-01-01
2017,Riego,17287.17,12035.009999999998,0.0,12203.109398561799,197031188.25873762,1.0139675329361422,16145.982292181925,2,0.08609695446527059,Mensual,Estimado,2017-02-01
2017,Temporal,3740.05,2640.4,0.0,2406.523525284207,43221832.03760009,0.9114238468732795,17960.278211905556,2,0.08609695446527059,Mensual,Estimado,2017-02-01
2017,Riego,17287.17,12035.009999999998,0.0,13399.206884712297,216343357.08984688,1.1133523681918254,16145.982292181925,3,0.09453581602405173,Mensual,Estimado,2017-03-01
2017,Temporal,3740.05,2640.4,0.0,2642.4008451493974,47458254.32625755,1.0007577810746089,17960.278211905556,3,0.09453581602405173,Mensual,Estimado,2017-03-01
2017,Riego,17287.17,12035.009999999998,0.0,12629.48424546277,203915428.98663247,1.049395409348457,16145.982292181923,4,0.0891051693865509,Mensual,Estimado,2017-04-01
2017,Temporal,3740.05,2640.4,0.0,2490.607103177688,44731996.48961944,0.9432688619821571,17960.278211905556,4,0.0891051693865509,Mensual,Estimado,2017-04-01
2017,Riego,17287.17,12035.009999999998,0.0,10393.369625665475,167811161.9320962,0.8635945982317818,16145.982292181923,5,0.07332864454260388,Mensual,Estimado,2017-05-01
2017,Temporal,3740.05,2640.4,0.0,2049.6324087765747,36811968.29376541,0.7762582975218053,17960.278211905552,5,0.07332864454260388,Mensual,Estimado,2017-05-01
2017,Riego,17287.17,12035.009999999998,0.0,9341.533071713655,150828227.55772048,0.7761965359159366,16145.982292181923,6,0.06590759135585052,Mensual,Estimado,2017-06-01
2017,Temporal,3740.05,2640.4,0.0,1842.2041764166117,33086499.53157669,0.6976989003244249,17960.278211905556,6,0.06590759135585052,Mensual,Estimado,2017-06-01
2017,Riego,17287.17,12035.009999999998,0.0,8553.248036168632,138100591.33261853,0.7106972105688847,16145.982292181921,7,0.060345980901143556,Mensual,Estimado,2017-07-01
2017,Temporal,3740.05,2640.4,0.0,1686.749822881752,30294496.092838682,0.6388235960012695,17960.278211905556,7,0.060345980901143556,Mensual,Estimado,2017-07-01
2017,Riego,17287.17,12035.009999999998,0.0,8860.70739457071,143064824.68894413,0.7362442901643382,16145.982292181925,8,0.06251520790023814,Mensual,Estimado,2017-08-01
2017,Temporal,3740.05,2640.4,0.0,1747.3825808860843,31383477.295351636,0.6617870704764749,17960.278211905556,8,0.06251520790023814,Mensual,Estimado,2017-08-01
2017,Riego,17287.17,12035.009999999998,0.0,10201.907495584495,164719817.7701853,0.8476858345430952,16145.982292181923,9,0.07197781617935503,Mensual,Estimado,2017-09-01
2017,Temporal,3740.05,2640.4,0.0,2011.87497293033,36133834.241398685,0.7619584051394978,17960.278211905556,9,0.07197781617935503,Mensual,Estimado,2017-09-01
2017,Riego,17287.17,12035.009999999998,0.0,11977.932754477431,193395490.15073848,0.9952573994103397,16145.982292181925,10,0.08450825910581908,Mensual,Estimado,2017-10-01
2017,Temporal,3740.05,2640.4,0.0,2362.117392909663,42424285.54583857,0.8946058903611812,17960.278211905556,10,0.08450825910581908,Mensual,Estimado,2017-10-01
2017,Riego,17287.17,12035.009999999998,0.0,12645.8008128397,204178875.99456954,1.0507511678710446,16145.982292181921,11,0.08922028814133699,Mensual,Estimado,2017-11-01
2017,Temporal,3740.05,2640.4,0.0,2493.8248243307153,44789787.65673615,0.9444875111084363,17960.27821190556,11,0.08922028814133699,Mensual,Estimado,2017-11-01
2017,Riego,17287.17,12035.009999999998,0.0,15012.398385565,242389918.49651298,1.2473939270150172,16145.982292181923,12,0.10591741317740067,Mensual,Estimado,2017-12-01
2017,Temporal,3740.05,2640.4,0.0,2960.5315092937426,53171969.562028274,1.1212435651014023,17960.278211905556,12,0.10591741317740067,Mensual,Estimado,2017-12-01
2018,Riego,17736.97,15856.429999999998,0.0,18173.59502921041,272050758.55137545,1.1461340938162254,14969.562054954367,1,0.1036983074854592,Mensual,Estimado,2018-01-01
2018,Temporal,4791.86,2805.3,0.0,2753.1765829589685,46535039.19849515,0.9814196638359421,16902.308223354765,1,0.1036983074854592,Mensual,Estimado,2018-01-01
2018,Riego,17736.97,15856.429999999998,0.0,15648.74848198467,234254911.48344246,0.9869023785293835,14969.562054954366,2,0.08929156445046872,Mensual,Estimado,2018-02-01
2018,Temporal,4791.86,2805.3,0.0,2370.679428256566,40069954.395158924,0.8450716245166527,16902.30822335476,2,0.08929156445046872,Mensual,Estimado,2018-02-01
2018,Riego,17736.97,15856.429999999998,0.0,17293.861712424798,258881536.0739424,1.090652922027518,14969.562054954367,3,0.09867856010787054,Mensual,Estimado,2018-03-01
2018,Temporal,4791.86,2805.3,0.0,2619.902942651149,44282407.05196386,0.9339118606392003,16902.308223354765,3,0.09867856010787054,Mensual,Estimado,2018-03-01
2018,Riego,17736.97,15856.429999999998,0.0,17102.56191014722,256017861.81264767,1.0785884281737579,14969.562054954367,4,0.09758700581238838,Mensual,Estimado,2018-04-01
2018,Temporal,4791.86,2805.3,0.0,2590.922318008156,43792567.60174264,0.9235811920322802,16902.308223354765,4,0.09758700581238838,Mensual,Estimado,2018-04-01
2018,Riego,17736.97,15856.429999999998,0.0,14601.293040382456,218574962.2505785,0.9208436602931718,14969.562054954367,5,0.08331479671210985,Mensual,Estimado,2018-05-01
2018,Temporal,4791.86,2805.3,0.0,2211.997021782944,37387855.45131811,0.78850640636757,16902.308223354765,5,0.08331479671210985,Mensual,Estimado,2018-05-01
2018,Riego,17736.97,15856.429999999998,0.0,13132.315941626273,196585018.41344097,0.8282013001429878,14969.562054954366,6,0.07493283163414505,Mensual,Estimado,2018-06-01
2018,Temporal,4791.86,2805.3,0.0,1989.4569386184385,33626414.37362063,0.7091779626487144,16902.308223354765,6,0.07493283163414505,Mensual,Estimado,2018-06-01
2018,Riego,17736.97,15856.429999999998,0.0,10728.109454335643,160595100.20902002,0.6765778585933684,14969.562054954366,7,0.06121445928256132,Mensual,Estimado,2018-07-01
2018,Temporal,4791.86,2805.3,0.0,1625.2359360722962,27470238.72716645,0.5793447888184138,16902.308223354765,7,0.06121445928256132,Mensual,Estimado,2018-07-01
2018,Riego,17736.97,15856.429999999998,0.0,11461.497101994846,171573592.11099148,0.7228296093127423,14969.562054954366,8,0.06539916009001108,Mensual,Estimado,2018-08-01
2018,Temporal,4791.86,2805.3,0.0,1736.3391984989823,29348140.313322574,0.6189495592268143,16902.30822335477,8,0.06539916009001108,Mensual,Estimado,2018-08-01
2018,Riego,17736.97,15856.429999999998,0.0,11582.165663612359,173379947.63220692,0.7304396805341656,14969.562054954366,9,0.06608769340366358,Mensual,Estimado,2018-09-01
2018,Temporal,4791.86,2805.3,0.0,1754.6196684671254,29657122.451191906,0.6254659638780613,16902.308223354765,9,0.06608769340366358,Mensual,Estimado,2018-09-01
2018,Riego,17736.97,15856.429999999998,0.0,15079.082447489058,225727260.42946061,0.9509758783969064,14969.562054954366,10,0.08604105713399118,Mensual,Estimado,2018-10-01
2018,Temporal,4791.86,2805.3,0.0,2284.3788815700386,38611275.955219224,0.8143082314084192,16902.308223354765,10,0.08604105713399118,Mensual,Estimado,2018-10-01
2018,Riego,17736.97,15856.429999999998,0.0,13876.660644223432,207727532.62924567,0.8751440673735156,14969.562054954366,11,0.07918005326096295,Mensual,Estimado,2018-11-01
2018,Temporal,4791.86,2805.3,0.0,2102.2201206716422,35532372.43293015,0.7493744414756505,16902.30822335477,11,0.07918005326096295,Mensual,Estimado,2018-11-01
2018,Riego,17736.97,15856.429999999998,0.0,16574.60857256883,248114631.56364775,1.045292576738196,14969.562054954367,12,0.09457451062636812,Mensual,Estimado,2018-12-01
2018,Temporal,4791.86,2805.3,0.0,2510.940962443692,42440698.07787035,0.8950703890648743,16902.308223354765,12,0.09457451062636812,Mensual,Estimado,2018-12-01
2019,Riego,18909.22,16551.7,0.0,24180.781174939362,495879931.872363,1.4609243265005625,20507.192397336043,1,0.12043301879286765,Mensual,Estimado,2019-01-01
2019,Temporal,4793.099999999999,3005.2,0.0,3713.033068167076,71646005.69701225,1.2355360934936366,19295.816757263627,1,0.12043301879286765,Mensual,Estimado,2019-01-01
2019,Riego,18909.22,16551.7,0.0,18734.28705050472,384187628.97162145,1.131864826604199,20507.19239733604,2,0.09330661106857603,Mensual,Estimado,2019-02-01
2019,Temporal,4793.099999999999,3005.2,0.0,2876.707200805836,55508415.01105019,0.9572431787587634,19295.816757263627,2,0.09330661106857603,Mensual,Estimado,2019-02-01
2019,Riego,18909.22,16551.7,0.0,21653.74647199781,444057545.0243956,1.3082490905464579,20507.192397336043,3,0.10784705576430341,Mensual,Estimado,2019-03-01
2019,Temporal,4793.099999999999,3005.2,0.0,3324.999143681951,64158574.194545396,1.1064152614408196,19295.816757263627,3,0.10784705576430341,Mensual,Estimado,2019-03-01
2019,Riego,18909.22,16551.7,0.0,18615.313709339207,381747819.7741864,1.124676843426307,20507.192397336043,4,0.092714061203095,Mensual,Estimado,2019-04-01
2019,Temporal,4793.099999999999,3005.2,0.0,2858.4384795936485,55155905.114150286,0.9511641420183844,19295.816757263627,4,0.092714061203095,Mensual,Estimado,2019-04-01
2019,Riego,18909.22,16551.7,0.0,14343.642850620554,294147843.6163493,0.866596352678006,20507.192397336043,5,0.07143889175827252,Mensual,Estimado,2019-05-01
2019,Temporal,4793.099999999999,3005.2,0.0,2202.5103257428545,42499235.65151514,0.7328997490159905,19295.816757263627,5,0.07143889175827252,Mensual,Estimado,2019-05-01
2019,Riego,18909.22,16551.7,0.0,7012.693401706031,143810652.81231454,0.423684177559165,20507.19239733604,6,0.0349269045580534,Mensual,Estimado,2019-06-01
2019,Temporal,4793.099999999999,3005.2,0.0,1076.820567088931,20778132.343000717,0.35831910258516275,19295.816757263627,6,0.0349269045580534,Mensual,Estimado,2019-06-01
2019,Riego,18909.22,16551.7,0.0,10393.87095933461,213149111.51615858,0.6279639529072306,20507.192397336043,7,0.05176694861593219,Mensual,Estimado,2019-07-01
2019,Temporal,4793.099999999999,3005.2,0.0,1596.010745023734,30796330.87860177,0.531083037742491,19295.816757263627,7,0.05176694861593219,Mensual,Estimado,2019-07-01
2019,Riego,18909.22,16551.7,0.0,12525.540040301354,256863659.48699608,0.7567524810322416,20507.19239733604,8,0.062383782730220744,Mensual,Estimado,2019-08-01
2019,Temporal,4793.099999999999,3005.2,0.0,1923.3350663827891,37112321.00374177,0.6400023513851955,19295.816757263627,8,0.062383782730220744,Mensual,Estimado,2019-08-01
2019,Riego,18909.22,16551.7,0.0,17172.613869251352,352162096.58189875,1.037513600974604,20507.19239733604,9,0.08552865657547946,Mensual,Estimado,2019-09-01
2019,Temporal,4793.099999999999,3005.2,0.0,2636.9074969950684,50881283.86787153,0.8774482553557396,19295.816757263627,9,0.08552865657547946,Mensual,Estimado,2019-09-01
2019,Riego,18909.22,16551.7,0.0,19414.424327816756,398135334.9740597,1.1729565137005113,20507.192397336043,10,0.09669405272762142,Mensual,Estimado,2019-10-01
2019,Temporal,4793.099999999999,3005.2,0.0,2981.14436448895,57523615.38412791,0.9919953295916911,19295.816757263627,10,0.09669405272762142,Mensual,Estimado,2019-10-01
2019,Riego,18909.22,16551.7,0.0,17657.86313972068,362113196.7320803,1.0668307871530223,20507.192397336043,11,0.08794545337318692,Mensual,Estimado,2019-11-01
2019,Temporal,4793.099999999999,3005.2,0.0,2711.41900985818,52319044.36638461,0.9022424497065686,19295.816757263623,11,0.08794545337318692,Mensual,Estimado,2019-11-01
2019,Riego,18909.22,16551.7,0.0,19077.213004467558,391220077.4875774,1.1525832998705605,20507.192397336043,12,0.09501456283239129,Mensual,Estimado,2019-12-01
2019,Temporal,4793.099999999999,3005.2,0.0,2929.3645321709773,56524481.227998465,0.9747652509553366,19295.816757263627,12,0.09501456283239129,Mensual,Estimado,2019-12-01
2020,Riego,23266.72,18043.89,0.0,25618.108630534553,433707478.1861153,1.4197663935290314,16929.722816038568,1,0.11631401650389168,Mensual,Estimado,2020-01-01
2020,Temporal,3404.07,2876.17,0.0,3250.184662831381,53303368.15621474,1.130039136362378,16400.10451276322,1,0.11631401650389168,Mensual,Estimado,2020-01-01
2020,Riego,23266.72,18043.89,0.0,17597.148904264042,297914853.301747,0.9752414199080156,16929.722816038568,2,0.07989641614808386,Mensual,Estimado,2020-02-01
2020,Temporal,3404.07,2876.17,0.0,2232.560736744975,36614229.41370925,0.7762269743252225,16400.104512763224,2,0.07989641614808386,Mensual,Estimado,2020-02-01
2020,Riego,23266.72,18043.89,0.0,16965.25613590013,287217083.88388675,0.9402216559677614,16929.722816038568,3,0.07702743050405522,Mensual,Estimado,2020-03-01
2020,Temporal,3404.07,2876.17,0.0,2152.392125786611,35299455.81534901,0.7483535833370805,16400.104512763217,3,0.07702743050405522,Mensual,Estimado,2020-03-01
2020,Riego,23266.72,18043.89,0.0,15617.661547727806,264402681.03773564,0.8655373950809835,16929.722816038568,4,0.07090894059405439,Mensual,Estimado,2020-04-01
2020,Temporal,3404.07,2876.17,0.0,1981.4219997183748,32495527.87926964,0.6889099043931252,16400.10451276322,4,0.07090894059405439,Mensual,Estimado,2020-04-01
2020,Riego,23266.72,18043.89,0.0,17372.924377584946,294118794.2165125,0.9628148019958527,16929.722816038568,5,0.07887836849777279,Mensual,Estimado,2020-05-01
2020,Temporal,3404.07,2876.17,0.0,2204.1132378232796,36147687.45826672,0.7663362171997065,16400.10451276322,5,0.07887836849777279,Mensual,Estimado,2020-05-01
2020,Riego,23266.72,18043.89,0.0,15462.843108013445,261781647.76655993,0.856957291804231,16929.722816038568,6,0.07020601771978023,Mensual,Estimado,2020-06-01
2020,Temporal,3404.07,2876.17,0.0,1961.7800922871857,32173398.54456812,0.6820807157738192,16400.10451276322,6,0.07020601771978023,Mensual,Estimado,2020-06-01
2020,Riego,23266.72,18043.89,0.0,13724.474684729814,232351552.20821404,0.7606161800326767,16929.722816038568,7,0.06231329556797174,Mensual,Estimado,2020-07-01
2020,Temporal,3404.07,2876.17,0.0,1741.2322575819921,28556391.005339317,0.605399631308995,16400.10451276322,7,0.06231329556797174,Mensual,Estimado,2020-07-01
2020,Riego,23266.72,18043.89,0.0,14976.131651581916,253541757.71778372,0.8299835374512877,16929.722816038568,8,0.06799619945440938,Mensual,Estimado,2020-08-01
2020,Temporal,3404.07,2876.17,0.0,1900.0307206324576,31160702.39583312,0.6606114105329162,16400.10451276322,8,0.06799619945440938,Mensual,Estimado,2020-08-01
2020,Riego,23266.72,18043.89,0.0,17986.765152763688,304510948.3934708,0.9968341168541645,16929.722816038568,9,0.08166539259407164,Mensual,Estimado,2020-09-01
2020,Temporal,3404.07,2876.17,0.0,2281.9915816807365,37424900.43680993,0.7934133175997026,16400.10451276322,9,0.08166539259407164,Mensual,Estimado,2020-09-01
2020,Riego,23266.72,18043.89,0.0,23065.449498149777,390491666.6310116,1.2782969469526682,16929.722816038568,10,0.1047241664983717,Mensual,Estimado,2020-10-01
2020,Temporal,3404.07,2876.17,0.0,2926.327282055635,47992073.26426275,1.0174389142698919,16400.10451276322,10,0.1047241664983717,Mensual,Estimado,2020-10-01
2020,Riego,23266.72,18043.89,0.0,20633.067999514547,349312122.0762567,1.1434933376070542,16929.722816038568,11,0.09368041358685493,Mensual,Estimado,2020-11-01
2020,Temporal,3404.07,2876.17,0.0,2617.7295961360687,42931038.96278498,0.9101442529948052,16400.10451276322,11,0.09368041358685493,Mensual,Estimado,2020-11-01
2020,Riego,23266.72,18043.89,0.0,21229.70830923533,359413077.14070493,1.1765593954094895,16929.722816038568,12,0.09638934233068241,Mensual,Estimado,2020-12-01
2020,Temporal,3404.07,2876.17,0.0,2693.4257067213016,44172463.08759248,0.9364626245045674,16400.10451276322,12,0.09638934233068241,Mensual,Estimado,2020-12-01
2021,Riego,24375.35,18537.39,0.0,27482.0789793615,601743020.6100659,1.4825214865394483,21895.83331966854,1,0.12081616744171249,Mensual,Estimado,2021-01-01
2021,Temporal,3404.07,2876.17,0.0,3449.3873599397753,72694967.1105559,1.1992988453185227,21074.747346388238,1,0.12081616744171249,Mensual,Estimado,2021-01-01
2021,Riego,24375.35,18537.39,0.0,20256.13460416853,443524946.9936442,1.0927177237015853,21895.83331966854,2,0.08904961491075482,Mensual,Estimado,2021-02-01
2021,Temporal,3404.07,2876.17,0.0,2542.4297309286367,53581064.225266844,0.8839636498985236,21074.747346388238,2,0.08904961491075482,Mensual,Estimado,2021-02-01
2021,Riego,24375.35,18537.39,0.0,23331.53818067439,510863471.095529,1.2586204519986035,21895.83331966854,3,0.10256964277069244,Mensual,Estimado,2021-03-01
2021,Temporal,3404.07,2876.17,0.0,2928.4361255496365,61716051.46599465,1.0181721266648482,21074.747346388234,3,0.10256964277069244,Mensual,Estimado,2021-03-01
2021,Riego,24375.35,18537.39,0.0,19036.183310065106,416813096.7998417,1.02690741846965,21895.83331966854,4,0.0836864893652013,Mensual,Estimado,2021-04-01
2021,Temporal,3404.07,2876.17,0.0,2389.3086887839463,50354076.94865183,0.8307258224597107,21074.747346388234,4,0.0836864893652013,Mensual,Estimado,2021-04-01
2021,Riego,24375.35,18537.39,0.0,17985.595873621744,393809609.4037399,0.9702334510749218,21895.833319668538,5,0.07906791783250099,Mensual,Estimado,2021-05-01
2021,Temporal,3404.07,2876.17,0.0,2257.445192339564,47575087.07687511,0.7848789161765696,21074.747346388238,5,0.07906791783250099,Mensual,Estimado,2021-05-01
2021,Riego,24375.35,18537.39,0.0,16479.76268622807,360838136.92534286,0.8890012394532386,21895.833319668538,6,0.07244800400996715,Mensual,Estimado,2021-06-01
2021,Temporal,3404.07,2876.17,0.0,2068.4419525674093,43591891.55102811,0.7191654014079172,21074.747346388234,6,0.07244800400996715,Mensual,Estimado,2021-06-01
2021,Riego,24375.35,18537.39,0.0,14899.787909035344,326243272.5546505,0.8037694577842589,21895.833319668538,7,0.06550215040921334,Mensual,Estimado,2021-07-01
2021,Temporal,3404.07,2876.17,0.0,1870.1329007098313,39412578.38662785,0.6502163991383789,21074.747346388238,7,0.06550215040921334,Mensual,Estimado,2021-07-01
2021,Riego,24375.35,18537.39,0.0,12229.851910266829,267782798.95143235,0.6597396888271126,21895.833319668538,8,0.05376463102692361,Mensual,Estimado,2021-08-01
2021,Temporal,3404.07,2876.17,0.0,1535.018388706698,32350124.71405363,0.5337022459405035,21074.747346388238,8,0.05376463102692361,Mensual,Estimado,2021-08-01
2021,Riego,24375.35,18537.39,0.0,16506.36106516207,361420530.5970551,0.8904360897171646,21895.833319668538,9,0.07256493527289604,Mensual,Estimado,2021-09-01
2021,Temporal,3404.07,2876.17,0.0,2071.7804231452255,43662248.97497894,0.7203261361968262,21074.747346388234,9,0.07256493527289604,Mensual,Estimado,2021-09-01
2021,Riego,24375.35,18537.39,0.0,19098.509640701977,418177783.74689317,1.030269614045018,21895.833319668538,10,0.08396048713676388,Mensual,Estimado,2021-10-01
2021,Temporal,3404.07,2876.17,0.0,2397.1315197004756,50518941.1337512,0.8334457002543227,21074.747346388238,10,0.08396048713676388,Mensual,Estimado,2021-10-01
2021,Riego,24375.35,18537.39,0.0,19805.74304636762,433663248.51544964,1.068421339054075,21895.833319668538,11,0.08706961252802124,Mensual,Estimado,2021-11-01
2021,Temporal,3404.07,2876.17,0.0,2485.899257099901,52389698.77195463,0.8643088750316918,21074.747346388238,11,0.08706961252802124,Mensual,Estimado,2021-11-01
2021,Riego,24375.35,18537.39,0.0,20358.662794346812,445769887.15635514,1.0982486096665611,21895.833319668538,12,0.08950034729535271,Mensual,Estimado,2021-12-01
2021,Temporal,3404.07,2876.17,0.0,2555.2984605288993,53852269.45026137,0.8884379089305915,21074.747346388238,12,0.08950034729535271,Mensual,Estimado,2021-12-01
2022,Riego,24060.72,23248.72,0.0,30035.803044829958,964237724.6883253,1.2919336223598528,32102.944717314585,1,0.11238086364201154,Mensual,Estimado,2022-01-01
2022,Temporal,4587.07,4584.07,0.0,4668.892199031917,126928253.19566967,1.0185036875597269,27185.94642686073,1,0.11238086364201154,Mensual,Estimado,2022-01-01
2022,Riego,24060.72,23248.72,0.0,17132.1943235416,549993887.2549468,0.736909142677171,32102.94471731459,2,0.06410119254306998,Mensual,Estimado,2022-02-01
2022,Temporal,4587.07,4584.07,0.0,2663.100710511904,72398913.24531136,0.5809467810290646,27185.94642686073,2,0.06410119254306998,Mensual,Estimado,2022-02-01
2022,Riego,24060.72,23248.72,0.0,24365.230011437845,782195632.0818434,1.048024579909683,32102.944717314585,3,0.09116405469281987,Mensual,Estimado,2022-03-01
2022,Temporal,4587.07,4584.07,0.0,3787.4343548674215,102964987.46667756,0.8262165182615933,27185.946426860733,3,0.09116405469281987,Mensual,Estimado,2022-03-01
2022,Riego,24060.72,23248.72,0.0,21835.733752150372,700991353.5072837,0.9392230519422304,32102.94471731459,4,0.08169978387663157,Mensual,Estimado,2022-04-01
2022,Temporal,4587.07,4584.07,0.0,3394.2387630984667,92275593.17356895,0.7404421754245609,27185.94642686073,4,0.08169978387663157,Mensual,Estimado,2022-04-01
2022,Riego,24060.72,23248.72,0.0,16682.48623279706,535556933.2788456,0.7175657942801607,32102.944717314585,5,0.06241858117592123,Mensual,Estimado,2022-05-01
2022,Temporal,4587.07,4584.07,0.0,2593.1961837847534,70498492.526712,0.5656973352904195,27185.94642686073,5,0.06241858117592123,Mensual,Estimado,2022-05-01
2022,Riego,24060.72,23248.72,0.0,11152.930585631957,358041914.0265897,0.47972234968772287,32102.944717314585,6,0.04172939772850413,Mensual,Estimado,2022-06-01
2022,Temporal,4587.07,4584.07,0.0,1733.6586782741138,47131151.950022236,0.3781920167611127,27185.94642686073,6,0.04172939772850413,Mensual,Estimado,2022-06-01
2022,Riego,24060.72,23248.72,0.0,15150.979564737489,486391059.3799306,0.6516909130798378,32102.944717314585,7,0.05668835176360461,Mensual,Estimado,2022-07-01
2022,Temporal,4587.07,4584.07,0.0,2355.132312990412,64026500.88912594,0.5137644741442456,27185.94642686073,7,0.05668835176360461,Mensual,Estimado,2022-07-01
2022,Riego,24060.72,23248.72,0.0,20428.40739108713,655812033.1388509,0.8786895532780785,32102.94471731459,8,0.07643418296539907,Mensual,Estimado,2022-08-01
2022,Temporal,4587.07,4584.07,0.0,3175.4780041850754,86328374.9014501,0.6927202255168607,27185.94642686073,8,0.07643418296539907,Mensual,Estimado,2022-08-01
2022,Riego,24060.72,23248.72,0.0,24831.495909428388,797164140.4286028,1.0680801312686627,32102.944717314585,9,0.09290861814680132,Mensual,Estimado,2022-09-01
2022,Temporal,4587.07,4584.07,0.0,3859.9126971495793,104935379.79706797,0.8420274335142307,27185.94642686073,9,0.09290861814680132,Mensual,Estimado,2022-09-01
2022,Riego,24060.72,23248.72,0.0,29008.167136990654,931247585.9494327,1.247731794997344,32102.944717314585,10,0.10853589866271153,Mensual,Estimado,2022-10-01
2022,Temporal,4587.07,4584.07,0.0,4509.152129276003,122585568.21706241,0.9836569095314869,27185.946426860733,10,0.10853589866271153,Mensual,Estimado,2022-10-01
2022,Riego,24060.72,23248.72,0.0,25898.502107655437,831418181.4233178,1.1139753976844935,32102.944717314585,11,0.09690088956665188,Mensual,Estimado,2022-11-01
2022,Temporal,4587.07,4584.07,0.0,4025.77265127784,109444439.62436044,0.878209244465691,27185.94642686073,11,0.09690088956665188,Mensual,Estimado,2022-11-01
2022,Riego,24060.72,23248.72,0.0,30746.019939712114,987037778.40203,1.322482267398468,32102.94471731459,12,0.11503818523587327,Mensual,Estimado,2022-12-01
2022,Temporal,4587.07,4584.07,0.0,4779.291315552517,129929557.66297145,1.0425868966993341,27185.94642686073,12,0.11503818523587327,Mensual,Estimado,2022-12-01
2023,Riego,25556.94,23331.31,0.0,30618.97914768292,855490617.8337953,1.312355763464757,27939.88048091193,1,0.10620749810283191,Mensual,Estimado,2023-01-01
2023,Temporal,4061.93,3559.33,0.0,3710.297345873533,97659613.70511292,1.04241454034145,26321.236440450422,1,0.10620749810283191,Mensual,Estimado,2023-01-01
2023,Riego,25556.94,23331.31,0.0,24380.842841819554,681197835.0243355,1.0449838796801187,27939.88048091193,2,0.08456938774407008,Mensual,Estimado,2023-02-01
2023,Temporal,4061.93,3559.33,0.0,2954.3825105941964,77763000.59688137,0.8300389428893068,26321.236440450422,2,0.08456938774407008,Mensual,Estimado,2023-02-01
2023,Riego,25556.94,23331.31,0.0,32440.697460518622,906389209.7643135,1.3904361761306425,27939.88048091193,3,0.11252645940200487,Mensual,Estimado,2023-03-01
2023,Temporal,4061.93,3559.33,0.0,3931.0465938625866,103470006.85548443,1.1044344283510061,26321.236440450422,3,0.11252645940200487,Mensual,Estimado,2023-03-01
2023,Riego,25556.94,23331.31,0.0,27514.313164314302,768746621.3253233,1.1792871109386613,27939.880480911932,4,0.09543839946802318,Mensual,Estimado,2023-04-01
2023,Temporal,4061.93,3559.33,0.0,3334.085131143698,87757243.04942344,0.9367170594307631,26321.236440450426,4,0.09543839946802318,Mensual,Estimado,2023-04-01
2023,Riego,25556.94,23331.31,0.0,23922.351569834424,668387643.6835297,1.0253325496868553,27939.880480911932,5,0.0829790273775583,Mensual,Estimado,2023-05-01
2023,Temporal,4061.93,3559.33,0.0,2898.82419359912,76300636.99902047,0.8144297363827238,26321.236440450422,5,0.0829790273775583,Mensual,Estimado,2023-05-01
2023,Riego,25556.94,23331.31,0.0,17865.804714263744,499168448.41184187,0.7657437458189764,27939.88048091193,6,0.06197079305432439,Mensual,Estimado,2023-06-01
2023,Temporal,4061.93,3559.33,0.0,2164.913712292851,56983205.69443339,0.608236300734366,26321.236440450422,6,0.06197079305432439,Mensual,Estimado,2023-06-01
2023,Riego,25556.94,23331.31,0.0,14232.045369833519,397641646.6320645,0.6099976970788832,27939.88048091193,7,0.04936643786605136,Mensual,Estimado,2023-07-01
2023,Temporal,4061.93,3559.33,0.0,1724.587874316542,45393285.20221949,0.4845259850355381,26321.23644045042,7,0.04936643786605136,Mensual,Estimado,2023-07-01
2023,Riego,25556.94,23331.31,0.0,17853.74594464926,498831527.8300663,0.7652268965887153,27939.880480911925,8,0.061928965018687554,Mensual,Estimado,2023-08-01
2023,Temporal,4061.93,3559.33,0.0,2163.452474128139,56944744.09920419,0.6078257633116735,26321.236440450422,8,0.061928965018687554,Mensual,Estimado,2023-08-01
2023,Riego,25556.94,23331.31,0.0,23626.353981757467,660117506.4500213,1.0126458386501858,27939.88048091193,9,0.08195230590776346,Mensual,Estimado,2023-09-01
2023,Temporal,4061.93,3559.33,0.0,2862.95627455029,75356549.02110928,0.8043525816797796,26321.236440450426,9,0.08195230590776346,Mensual,Estimado,2023-09-01
2023,Riego,25556.94,23331.31,0.0,25227.286136201903,704847359.5032476,1.0812631668004027,27939.88048091193,10,0.08750543026033637,Mensual,Estimado,2023-10-01
2023,Temporal,4061.93,3559.33,0.0,3056.9514529953,80462741.98126777,0.8588558669736439,26321.236440450426,10,0.08750543026033637,Mensual,Estimado,2023-10-01
2023,Riego,25556.94,23331.31,0.0,24025.106445071335,671258602.61648,1.029736711957937,27939.88048091193,11,0.08333545135120364,Mensual,Estimado,2023-11-01
2023,Temporal,4061.93,3559.33,0.0,2911.275658392515,76628374.94787738,0.8179279972333319,26321.236440450426,11,0.08333545135120364,Mensual,Estimado,2023-11-01
2023,Riego,25556.94,23331.31,0.0,26586.42322405296,742821487.2949809,1.1395169505721263,27939.88048091193,12,0.09221984444714486,Mensual,Estimado,2023-12-01
2023,Temporal,4061.93,3559.33,0.0,3221.646778251226,84797726.57796587,0.9051273071761331,26321.236440450422,12,0.09221984444714486,Mensual,Estimado,2023-12-01
2024,Riego,27627.94,25634.31,0.0,35712.53424444675,886105530.9663922,1.3931537164232917,24812.171684628633,1,0.11365940918375024,Mensual,Estimado,2024-01-01
2024,Temporal,3274.9300000000003,2775.33,0.0,2819.806970480139,74129312.45967302,1.016025831335423,26288.789706428288,1,0.11365940918375024,Mensual,Estimado,2024-01-01
2024,Riego,27627.94,25634.31,0.0,31341.127428626613,777641434.548907,1.2226241872173118,24812.171684628633,2,0.09974688444979928,Mensual,Estimado,2024-02-01
2024,Temporal,3274.9300000000003,2775.33,0.0,2474.647387973872,65055484.78000716,0.8916587893958094,26288.789706428284,2,0.09974688444979928,Mensual,Estimado,2024-02-01
2024,Riego,27627.94,25634.31,0.0,34462.40026834954,855086992.1226807,1.344385718529172,24812.171684628633,3,0.10968070836820011,Mensual,Estimado,2024-03-01
2024,Temporal,3274.9300000000003,2775.33,0.0,2721.098307697936,71534381.18158893,0.980459371569484,26288.789706428288,3,0.10968070836820011,Mensual,Estimado,2024-03-01
2024,Riego,27627.94,25634.31,0.0,29787.178918714024,739084597.331883,1.162004318380874,24812.17168462863,4,0.09480125756346039,Mensual,Estimado,2024-04-01
2024,Temporal,3274.9300000000003,2775.33,0.0,2351.949995231431,61829918.8246741,0.8474487701395621,26288.789706428288,4,0.09480125756346039,Mensual,Estimado,2024-04-01
2024,Riego,27627.94,25634.31,0.0,21137.924425427587,524477809.9004143,0.8245950222739596,24812.17168462863,5,0.06727397123710008,Mensual,Estimado,2024-05-01
2024,Temporal,3274.9300000000003,2775.33,0.0,1669.0181163934499,43876466.27808645,0.6013764548336413,26288.789706428288,5,0.06727397123710008,Mensual,Estimado,2024-05-01
2024,Riego,27627.94,25634.31,0.0,13730.764567560087,340690087.81151646,0.5356401076354341,24812.17168462863,6,0.04369979956358675,Mensual,Estimado,2024-06-01
2024,Temporal,3274.9300000000003,2775.33,0.0,1084.160126318906,28501257.56889244,0.3906418790986679,26288.789706428284,6,0.04369979956358675,Mensual,Estimado,2024-06-01
2024,Riego,27627.94,25634.31,0.0,14432.391513402103,358098976.05031025,0.563010727162233,24812.171684628633,7,0.04593281118874755,Mensual,Estimado,2024-07-01
2024,Temporal,3274.9300000000003,2775.33,0.0,1139.559514640659,29957640.438347768,0.410603248853527,26288.789706428284,7,0.04593281118874755,Mensual,Estimado,2024-07-01
2024,Riego,27627.94,25634.31,0.0,21791.88518810276,540703996.6189214,0.8501061736439466,24812.171684628633,8,0.06935527953648443,Mensual,Estimado,2024-08-01
2024,Temporal,3274.9300000000003,2775.33,0.0,1720.6538559461171,45233907.37652242,0.6199817160287667,26288.789706428284,8,0.06935527953648443,Mensual,Estimado,2024-08-01
2024,Riego,27627.94,25634.31,0.0,25131.92214784251,623577567.096989,0.980401740785787,24812.17168462863,9,0.07998534641713266,Mensual,Estimado,2024-09-01
2024,Temporal,3274.9300000000003,2775.33,0.0,1984.3780553061767,52166897.3939952,0.71500616334136,26288.789706428288,9,0.07998534641713266,Mensual,Estimado,2024-09-01
2024,Riego,27627.94,25634.31,0.0,32366.867919377204,803092283.709286,1.2626385465174292,24812.171684628633,10,0.10301142617502537,Mensual,Estimado,2024-10-01
2024,Temporal,3274.9300000000003,2775.33,0.0,2555.6382850612717,67184637.4416728,0.920841227912094,26288.789706428288,10,0.10301142617502537,Mensual,Estimado,2024-10-01
2024,Riego,27627.94,25634.31,0.0,28415.82987123548,705058449.3262935,1.1085076942283791,24812.171684628633,11,0.09043677529361568,Mensual,Estimado,2024-11-01
2024,Temporal,3274.9300000000003,2775.33,0.0,2243.6703761886406,58983378.69016602,0.8084337272283443,26288.789706428288,11,0.09043677529361568,Mensual,Estimado,2024-11-01
2024,Riego,27627.94,25634.31,0.0,25895.753506915356,642529881.9164078,1.010198967981403,24812.171684628633,12,0.08241633102309746,Mensual,Estimado,2024-12-01
2024,Temporal,3274.9300000000003,2775.33,0.0,2044.6890087614013,53752399.36637378,0.7367372560241129,26288.789706428284,12,0.08241633102309746,Mensual,Estimado,2024-12-01
